global_id,site_name,cluster_name,latitude,longitude
563040,Yerramukhapally,Kurnool,14.47238,78.83434
563046,Pulivendula,Kurnool,14.41915,78.22627
563050,Kadapa-4,Kurnool,14.47068,78.82255
563049,Kadapa-5,Kurnool,14.4824,78.82965
563018,PRODDATUR-3,Kurnool,14.75271,78.54884
563028,Pendlimarry,Kurnool,14.44306,78.64039
563030,Lakireddypally,Kurnool,14.18796,78.6976
563027,Vemula ,Kurnool,14.36874,78.32158
563023,Thondur,Kurnool,14.57489,78.283
563034,Pullampeta,Kurnool,14.11995,79.20908
563058,S.N Colony-2,Kurnool,14.05252,78.75174
565138,Chennur (Cdp),Kurnool,14.56506,78.80157
563051,Ravindernagar,Kurnool,14.47625,78.81476
532025,Railway colony - cuddapah,Kurnool,14.45345,78.84476
563057,JNTU Road,Kurnool,14.42742,78.22804
563055,Kamalapuram X Road,Kurnool,14.5837,78.6598
563068,Nosam,Kurnool,14.98627,78.39703
563015,NEHRU NAGAR Cuddapah,Kurnool,14.47604,78.84006
563006,Rajampet- 2,Kurnool,14.20186,79.15652
563031,T.Sundupalli,Kurnool,13.98334,78.91026
563012,Biradavolu,Kurnool,14.33507,78.7739
563009,Near Sai baba Temple (CDP),Kurnool,14.37057,78.46008
563014,KODUR-Reddypally,Kurnool,13.95819,79.36052
563013,Rajampet-3,Kurnool,14.19075,79.1567
563004,Gandhi Bazar South,Kurnool,14.7535,78.54205
563005,Christian Colony,Kurnool,14.76231,78.55114
563136,Vivekananda Colony,Kurnool,14.75823,78.56156
563124,Devuni Kadapa,Kurnool,14.4936,78.8357
563129,"near rly station, yerraguntla",Kurnool,14.64339,78.53744
563144,Porumamilla,Kurnool,15.00724,78.98537
575512,NGO Colony,Kurnool,14.46731,78.85669
563152,Proddutur,Kurnool,14.73821,78.57944
563149,"4 road junction, yerraguntal ",Kurnool,14.63729,78.54132
565244,"HYD_CHN_3, Kukkala doddi",Kurnool,13.7865,79.41916
565130,B.G.R KALYANA MANDAPAM,Kurnool,14.74366,78.56368
563039,Annamayya Circle,Kurnool,14.47527,78.82967
563052,Almaspet,Kurnool,14.48408,78.81566
572802,Shivanandpuram,Kurnool,14.45183,78.83919
572756,GURUKULA VIDYALAYA PEETHAM,Kurnool,14.46624,78.83734
575513,Marriapuram,Kurnool,14.47181,78.80898
574994,YARRAGYNTA,Kurnool,14.63284,78.54698
577392,Shastri Nagar,Kurnool,14.46605,78.81505
577356,Jmj College,Kurnool,14.44198,78.8916
577357,Bapuji Nagar,Kurnool,14.72121,78.73396
577807,Rayachoti-2,Kurnool,14.05171,78.75143
577809,Rayachoti-Ramapuram,Kurnool,14.04988,78.74093
577960,Kagitalapenta,Kurnool,14.46783,78.8176
578598,Proddutur-1,Kurnool,14.75756,78.55676
505685,Rajampet,Kurnool,14.1972,79.16201
505586,Housing Board Colony,Kurnool,14.45889,78.82845
505589,Rajareddy Colony,Kurnool,14.47058,78.82752
505693,Devuni kadapa,Kurnool,14.493369,78.836003
505740,Rameswaram,Kurnool,14.744917,78.538083
505939,Rayachoti -1,Kurnool,14.06078,78.75173
503505,"Usman Nagar, Rajampet",Kurnool,14.198727,79.159266
505940,Railway Koduru,Kurnool,13.959143,79.349773
505951,"Ravindra Nagar, Kadapa",Kurnool,14.47416,78.81718
505887,Mainroad-Badwel,Kurnool,14.732357,79.059481
524387,Alankarpalli (Bsnl) ,Kurnool,14.49856,78.79332
523248,Dattasai_Complx_Bkm_Strt_Kdp,Kurnool,14.48091,78.82325
525099,"Chinna Choke, Bypass",Kurnool,14.46905,78.84832
525253,Andhra Jyothi (Bsnl),Kurnool,14.52616,78.79187
525098,Sbi Colony_Kdp,Kurnool,14.48123,78.80755
525100,Dorasanipally Bypass,Kurnool,14.74945,78.52651
562938,Chittoor 2,Tirupathi,13.20124,79.09388
564122,Moon Land,Tirupathi,14.4507,79.98399
564124,SBS Kalyana mandapam,Tirupathi,14.46024,79.99439
564128,Patan Street,Tirupathi,14.4458,79.97344
562945,Chittoor 1,Tirupathi,13.21674,79.10014
564127,Balaji Nagar (Nlr),Tirupathi,14.44928,79.99539
562952,VELLORE ROAD,Tirupathi,13.19124,79.09446
562944,Chandragiri,Tirupathi,13.58899,79.3193
564132,Kondayapalem,Tirupathi,14.42098,79.97269
562947,Puttoor ,Tirupathi,13.43092,79.56139
562948,Renigunta 2,Tirupathi,13.52454,79.53514
562953,Chittoor 3,Tirupathi,13.21546,79.11594
562946,Bandharlapally,Tirupathi,13.32957,79.10079
562966,Kalyani - 2,Tirupathi,13.63648,79.41571
564136,Kavali - 2,Tirupathi,14.91185,79.98522
564137,Pernadu (Rep),Tirupathi,13.791,80.1533
562905,SARALA ARCADE-2,Tirupathi,13.63889,79.42619
562881,Vayalpadu,Tirupathi,13.63478,78.62753
562927,Bakarapeta ,Tirupathi,13.65509,79.15822
564117,Vinjamuru,Tirupathi,14.83894,79.57847
562972,Madanapally-2,Tirupathi,13.56047,78.50989
562978,Sawanpally,Tirupathi,13.2285,79.09707
530932,Sawanpally,Tirupathi,13.22876,79.11124
562934,Satyaveedu,Tirupathi,13.43647,79.95415
564142,BALAJI NAGAR-2 (Nlr),Tirupathi,14.449,79.99165
562904,Gollapalle (Chtr),Tirupathi,13.59433,79.38139
564144,Harinatha Puram,Tirupathi,14.43858,79.9883
565139,Kadiri Main Road,Tirupathi,13.57193,78.50034
565124,PUTTOOR (Nr sai baba temple),Tirupathi,13.44682,79.55437
562986,Peddagopanpalle,Tirupathi,12.70794,78.37782
564275,Nr Gudur rly station,Tirupathi,14.14551,79.84326
562975,Nr. Jyothi Theatre circle,Tirupathi,13.633,79.4161
564269,OZILI,Tirupathi,14.0038,79.9033
562974,Palamaneru-2,Tirupathi,13.20362,78.74715
564147,Pedda Bazar,Tirupathi,14.45256,79.97915
562982,POYYA,Tirupathi,13.78597,79.75556
562968,Pulivanigunta,Tirupathi,13.62719,79.45026
564896,Naidupeta - Vinnamala Village,Tirupathi,13.90643,79.90419
562950,MURUGAMBATTU X RD,Tirupathi,13.24766,79.11404
564140,Stone House pet,Tirupathi,14.45454,79.99509
562977,SVIMS,Tirupathi,13.63769,79.4102
562981,Thada road,Tirupathi,13.74679,79.70876
562976,Venkatagiri Chitttor,Tirupathi,13.20022,78.89401
562993,Thenepalle (Rep),Tirupathi,13.372,79.0861
562989,BURMA STREET,Tirupathi,13.55475,78.50351
564276,Gudur (Bazar Street),Tirupathi,14.14818,79.85268
564277,KOLLAMITTA VILLAGE,Tirupathi,13.70399,80.0213
562996,SRINIVASAPURAM  (OVR Kalyanamandapam),Tirupathi,13.62902,79.43796
563003,Jyothi Theatre circle,Tirupathi,13.6307,79.4191
564274,GUDIPALLIPADU,Tirupathi,14.45287,80.04487
565107,Bairagipetteda (Near Police station),Tirupathi,13.61662,79.41682
565114,KRISHNA PURAM (Chittor),Tirupathi,13.67822,79.55491
565116,Kukkalapalle,Tirupathi,13.19206,79.05712
563118,Tirupathi (Satyanarayanapuram),Tirupathi,13.65147,79.43086
563119,DI Road,Tirupathi,13.22039,79.09939
563125,Arogyavaram,Tirupathi,13.58089,78.52014
564886,Thada,Tirupathi,13.58876,80.03474
564895,APHB Colony (Nellore),Tirupathi,14.38939,79.96145
565128,Palamner,Tirupathi,13.2001,78.7497
564897,Musunuru,Tirupathi,14.87425,79.9874
565147,KAVERY NAGAR,Tirupathi,14.41437,79.93365
531726,KESAVAYAGUNTA,Tirupathi,13.61975,79.42482
571170,Dadi Vari Street,Tirupathi,14.4529,79.97453
572576,Bliss,Tirupathi,13.62634,79.4345
575506,LAWYER'S COLONY,Tirupathi,13.22615,79.10794
575657,NEAR srikalahasti Bridge Road,Tirupathi,13.7511,79.70214
575520,"S.V.High School, Indra N",Tirupathi,13.62723,79.41216
575508,Behind RTC Depo,Tirupathi,13.216917,79.090844
575505,MITOOR STREET,Tirupathi,13.2136,79.10399
576211,Bhavani Nagar,Tirupathi,13.63974,79.42065
564892,Chemudugunta Nellore,Tirupathi,14.39443,79.93475
575509,JAYACHANDRA COLONY,Tirupathi,13.23533,79.11642
574991,PANTAPALEM (NEAR MUTTU,Tirupathi,14.265881,80.048714
575516,MBT Road,Tirupathi,13.36145,78.57288
575658,Ramireddy pallem,Tirupathi,13.60222,79.93863
577159,DR MAHAL Road,Tirupathi,13.62246,79.42427
577882,Nanadanam Guest Hosu,Tirupathi,13.68551,79.35046
577898,Anand Theatre,Tirupathi,13.20728,79.09942
505580,Nalanda Nagar,Tirupathi,13.61427,79.38858
505718,Church Street,Tirupathi,13.21798,79.09506
505756,Basinikonda,Tirupathi,13.5461,78.51411
505822,Kandaleru Dam,Tirupathi,14.300346,79.638964
505828,Gajulamandhyam,Tirupathi,13.59548,79.51296
505879,Tirupati high way,Tirupathi,13.62463,79.27502
505880,Pedda araveedu,Tirupathi,13.657748,78.944322
505881,Murakambattu,Tirupathi,13.24647,79.11841
505882,Chambakur road,Tirupathi,13.54801,78.50241
505883,SBS Kalyanamandapam,Tirupathi,14.462229,79.992511
505888,Rebala,Tirupathi,14.52922,79.894093
505890,Old kasipatnam,Tirupathi,14.542643,79.876918
505889,PILER-1,Tirupathi,13.646148,78.949759
520840,Kaloor Vill,Tirupathi,13.60214,79.34146
521006,"Shantinagar, Tirupati",Tirupathi,13.64922,79.42001
522870,Varadaraj Nagar (Relocation Site),Tirupathi,13.64415,79.41868
523191,Nalagampalle_5681,Tirupathi,13.20502,78.94145
523211,"Yella Manda Cross ( Kadapa Road),",Tirupathi,13.66481,78.94428
523210,"Kothaindlu, Pgr",Tirupathi,13.37302,78.56879
523147,"Durganagar Colony, Ctr",Tirupathi,13.19509,79.08821
523302,"Bans The Hotel, Ctr",Tirupathi,13.23638,79.08698
520915,"Govt. I.T.I.(Boys& Girls), Nellore ",Tirupathi,14.477621,79.989022
525228,Mallam,Tirupathi,13.95612,80.11738
526572,Indira Nagar- Nellore,Tirupathi,14.90148,79.98038
503044,Tirupati By Pass road,Tirupathi,13.64833,79.45067
503123,Chinna Bazar,Tirupathi,14.455046,79.980309
503327,Santhinagar-nellore,Tirupathi,14.441266,79.971324
522322,Janathapeta,Tirupathi,14.922039,79.985401
523281,"Ysr Colony, Damindu",Tirupathi,13.61398,79.4636
527072,V Kota,Tirupathi,12.99972,78.49242
527231,Madhuranagar,Tirupathi,14.43538,79.9924
527943,Gudur,Tirupathi,14.15055,79.8404
528909,Nr Sri Venugopala Swamy College,Tirupathi,14.45086,80.00246
529589,Shanthi Nagar -Kovvur Nl,Tirupathi,14.50499,79.98547
529603,S B R PURAM,Tirupathi,13.480416,79.516305
529419,Nawab Pet,Tirupathi,14.46227,79.99893
529912,Chandrapur Nagar-Airtel,Tirupathi,14.40288,79.93414
530487,"SV Zoological park, Tirupathi",Tirupathi,13.62142,79.36421
578619,Ratnam College (Reloc),Tirupathi,14.35438,80.07185
579303,Koti Reddy Circle,Kurnool,14.46276,78.82165
578933,Perumalla Palli Bus Stop,Tirupathi,13.61349,79.34882
579571,KB Layout (Varadharaja nagar),Tirupathi,13.64368,79.41591
580992,Aims (Teaching And Non Teaching Staff Building),Tirupathi,13.25172,79.11537
580973,Aims (Girls And Boys Hostel),Tirupathi,13.25161,79.11325
581064,"D Mart, tirupati",Tirupathi,13.64871,79.44445
581368,Kakatiya Nagar,Tirupathi,13.62515,79.43049
581132,Janardhan colony,Tirupathi,14.48334,80.00504
580914,Vki_Cross Roads,Tirupathi,13.94853,79.593999
445056,SATYAGIRI GH,Tirupathi,13.682,79.35094444
445057,MADHAVANILAYAM,Tirupathi,13.67616667,79.35138889
445059,ANNAMAYA BHAVAN,Tirupathi,13.67558333,79.34808333
445060,PARAG MILKS,Tirupathi,13.15436,78.75622
445061,SIDARTHA COLLEGE,Tirupathi,13.42711,79.57502
445062,TIRUMALA DAIRY PASUPATHUR,Tirupathi,13.211651,78.61118
445213,HOTEL LEO,Tirupathi,14.43539,79.969548
445215,AUDISANKARA COLLEGE,Tirupathi,14.166249,79.85995
445303,PENVERPRODUCTS,Tirupathi,14.04678,79.87783
445307,EMAMIBIOTECH,Tirupathi,14.26157,80.07213
456176,AUROBINDO_UNIT-X,Tirupathi,13.899671,79.818605
580918,Nl_Srihari Nagar,Tirupathi,14.43923,79.98338
580917,Nl_Ramji Nagar,Tirupathi,14.44005,79.99275
581228,Nl_Ramalingapuram,Tirupathi,14.44367,79.98665
578821,Apollo Institute Of Medical Sciences,Tirupathi,13.250788,79.114723
582258,"Prakash Nagar,Cuddapah",Kurnool,14.45821,78.83658
581509,SPW polytecnic college,Tirupathi,13.62102,79.38938
582605,Palmner,Tirupathi,13.19766,78.74352
581944,Nl-Vengalarao Nagar,Tirupathi,14.41421,79.94827
582274,Tuda Quarters,Tirupathi,13.66236,79.47639
582604,Korramenugunta,Tirupathi,13.62823,79.43529
583075,Melupatla,Tirupathi,13.37407,78.57775
583141,Renigunta-Chittoor,Tirupathi,13.64102,79.50896
583212,Bujabuja Nellore,Tirupathi,14.38695,79.94179
583211,Thambuganipalle,Tirupathi,13.22392,78.98808
583069,"Murakambattu,Nr Virupakshi Amman Temple",Tirupathi,13.24639,79.12289
583068,Isakapalem,Tirupathi,14.54289,79.89258
582975,Karankathapuram,Tirupathi,13.31782,79.56262
585029,Nlrugattupalle,Tirupathi,13.57075,78.50627
585548,Renigunta (Tirupati)_Relocation,Tirupathi,13.63679,79.5025
585467,Thodlamitta,Tirupathi,13.67483,79.51179
585307,Utukur,Kurnool,14.45308,78.81013
584842,"Srinivasa Nagar, Prodduttor",Kurnool,14.74633,78.5573
584301,Tekkemitta_Nellore,Tirupathi,14.43989,79.97505
585652,South Raju Palem,Tirupathi,14.44979,80.01982
585763,Sudalagunta Sugars(New),Tirupathi,13.70798,79.82835
585316,RAM NAGAR,Tirupathi,14.46729,80.01202
584341,Putturu City Centre_Reloc,Tirupathi,13.43872,79.55122
580970,Taj Gateway - Tirupathi,Tirupathi,13.60771,79.43767
584845,Vempalli,Kurnool,14.3646,78.46135
584403,Mclance Road_Reloc,Tirupathi,14.45571,79.97362
587372,"Tiruchanur,Police Station",Tirupathi,13.60483,79.45023
587373,"Mini Bypass Road, Rajula Complex",Tirupathi,14.410105,79.96338
585758,SV Auto Nagar,Tirupathi,13.62709,79.45702
587087,Jammalamadugu relocation,Kurnool,14.844267,78.382378
588231,Bandapalli,Tirupathi,13.308154,79.11365
588339,SUGANE ST,Kurnool,13.95609,79.35194
589025,Muthyalapadu,Tirupathi,14.119867,79.898609
589023,Burlavari Palem,Tirupathi,14.026111,80.091581
589007,Jallipeta,Tirupathi,13.17482,78.72748
589032,TC AGRAHARAM,Tirupathi,13.562307,79.543721
589033,Muddumudi,Tirupathi,13.79038,79.66628
589006,Madamala,Tirupathi,13.802638,79.585398
589026,Kanipaka patnam,Tirupathi,13.26613,79.05949
589613,Palakendram center|venkatagiri,Tirupathi,13.95912,79.59656
589250,Chinna Eetivakam,Tirupathi,13.485039,79.965437
590041,Gantavuru,Tirupathi,13.1976,78.7601
590164,Melmoi,Tirupathi,13.244983,78.737443
590165,Madhavaram_village,Tirupathi,13.173316,79.066716
590343,Mulakalacheruvu,Tirupathi,13.798789,78.266769
590344,Lebur Bit | II,Tirupathi,14.482358,80.076219
591710,Jagadampalli | Raliway Koduru,Kurnool,13.963744,79.350708
591059,Sriharikota Rd | Pulicat Nagar,Tirupathi,13.697116,80.038056
591720,Ramireddikandiga,Tirupathi,13.19067,79.23542
591912,Thorur | Chittoor,Tirupathi,13.463964,79.568369
592645,Konapalle,Tirupathi,13.1786,79.05575
591264,Nagari | Relocation site,Tirupathi,13.318182,79.588979
589923,Nalagampalle,Tirupathi,13.220365,78.93252
591610,Munagamakulakotturu,Tirupathi,13.328041,79.612549
590026,Prashanth Nagar_Madanapalle,Tirupathi,13.563851,78.503303
593335,Krishnapuram,Tirupathi,13.016703,78.496444
593317,Pandur,Tirupathi,13.521603,79.911212
592291,LR PALLI,Tirupathi,14.610158,79.6201
593360,Paidela,Kurnool,14.9194,78.54457
593489,Javali Street |Palamaner,Tirupathi,13.202923,78.743819
583911,Kadapa (M Corp. + OG),Kurnool,14.49918,78.7734
591173,Annareddypalem,Tirupathi,14.578337,80.094192
591274,Graddagunta,Tirupathi,13.645848,80.016476
593985,C|Kothapalle,Kurnool,14.70078,79.0534
594491,Kottha Kaluva,Tirupathi,14.46941,80.037443
594674,Sathambakam | Chittoor,Tirupathi,13.29244,79.15705
595009,Vempally |Kadapa,Kurnool,14.36499,78.45587
595504,Mudipalle,Tirupathi,13.29114,79.5558
595326,Mahadevapalle,Kurnool,14.206052,78.516202
594525,Mini Bypass Rd | Venkatramapuram| NLR,Tirupathi,14.45106,79.98813
595482,Beripalle,Tirupathi,13.1838,78.997
595359,Sunkesulapalle| Dammanapalle,Kurnool,15.031887,79.003469
592744,Burujupalli | Galiveedu,Kurnool,14.021191,78.515923
595836,Boyanapalli,Kurnool,14.21966,79.13723
595465,Tatiparthi|,Tirupathi,14.515063,79.768936
595990,Patha Arooru | Chavarambakam|,Tirupathi,13.362739,79.673366
596145,Kotala Village,Tirupathi,13.608857,79.28631
596511,Kuppam Eng College,Tirupathi,12.723546,78.359547
596629,Santhapet |Chittoor,Tirupathi,13.228366,79.088174
595588,Vakadu | Kalluru,Tirupathi,14.00218,80.084874
596321,Andalamaala,Tirupathi,14.042362,80.114142
596628,Kopparthi,Kurnool,14.48026,78.755382
597019,Reniguntha_21,Tirupathi,13.63784,79.50548
597165,Sarvarkhanpet,Kurnool,14.64851,78.77747
596452,Almaspet|Kadapa,Kurnool,14.488873,78.8117
596748,Gangavaram |Kovuru ,Tirupathi,14.494001,79.9586
596812,Chellayapalem,Tirupathi,14.518843,79.890151
595535,Allur Mandal|Juvvaladinne,Tirupathi,14.7477,80.0979
597444,Gandhi nagar|Narsapuram,Kurnool,13.953286,79.351229
596510,Puttampalli|Kadapa,Kurnool,14.4597,78.8554
596778,Munalapudi |ReddyPalem,Tirupathi,14.608567,79.888389
597805,Kumara Venkatapuram|Venugopalapuram,Tirupathi,13.628604,79.904839
597014,Muruganpalli,Tirupathi,13.223718,79.12051
594405,Rk Nagar | Nellore,Tirupathi,14.450308,80.006822
598234,Keenatam Palli,Tirupathi,13.136002,79.040078
598229,Palakuru,Tirupathi,13.328022,79.066568
598233,Gollapalle|Chittoor,Tirupathi,13.146715,79.015792
598228,Chinnavaradaya Palli,Kurnool,14.747571,78.604603
598170,Sri Potti Sriramulu| Nellore,Tirupathi,14.75937,79.93763
598498,Majara Kothapalle,Tirupathi,13.192703,79.03585
598497,Nagavaram,Kurnool,14.006583,79.36682
563010,Rayachoti-4,Kurnool,14.05875,78.75565
563056,Railway Kodur,Kurnool,13.95367,79.35365
575654,Bhagath Singh Nagar Colony,Kurnool,14.44793,78.80904
505850,Pedda Komerlla/ChinnaKomarala,Kurnool,14.919173,78.346897
564126,Buchireddy Palem,Tirupathi,14.53611,79.88062
562943,Vidya Nagar,Tirupathi,13.62199,79.38719
562963,Bangarupalem,Tirupathi,13.19745,78.91099
564135,Podalkur,Tirupathi,14.3867,79.7327
564143,GUDUR-3,Tirupathi,14.15448,79.84943
564120,Kudds Complex (NELLORE),Tirupathi,14.4031,79.94829
562990,M.G.R STREET,Tirupathi,13.21349,79.0965
574181,RENIGUNTA(ANPCHI0068)_RELOCATION,Tirupathi,13.63386,79.49274
505773,Tummuru,Tirupathi,13.94259,79.89536
505827,Maurakmbattu,Tirupathi,13.24408,79.11444
505891,Sullurupeta,Tirupathi,13.687595,80.005027
524954,Nelatur( Ap Jenco),Tirupathi,14.336838,80.12531
505848,Kondapuram,Tirupathi,14.991261,79.681225
564268,Sullurpet 3,Tirupathi,13.70925,79.99876
505654,ANUMASAMUDRAMPETA,Tirupathi,14.68929,79.67539
564283,Vidyanagar-kota,Tirupathi,14.02742,80.03516
598362,Tangedu Palle,Kurnool,14.391377,78.478817
590589,Basinikonda| Madanapalle,Tirupathi,13.549495,78.505788
597527,Revenue colony,Tirupathi,13.607724,79.429128
599146,Marripadu,Tirupathi,13.70212,78.674255
480292,Akkarampalle| Tirupati|ULS,Tirupathi,13.64299,79.43878
480689,Mallaiah Gunta Katta|Tirupati|ULS,Tirupathi,13.63339,79.42419
480415,Dodda Puram Tirupati|ULS,Tirupathi,13.63396,79.42085
480437,Near Garuda Nagar Rd no|2 | ULS,Tirupathi,13.61004,79.40586
480343,Near New Life Fellowship|ULS,Tirupathi,13.68235,79.49717
480345,N G Palli| Madanapalle|ULS,Tirupathi,13.57311,78.50343
599408,Mylavaram| Khaderabad|ULS,Kurnool,14.85516,78.329443
599715,Annapusastrulla palli,Kurnool,14.789714,78.669794
597316,Parameshwari Nagar |Nellore,Tirupathi,14.451312,79.96705
480428,Co|operative Colony| Kadapa|ULS,Kurnool,14.47789,78.83114
481340,Sivarama Krishna Nagar| Badvel|ULS,Kurnool,14.72252,79.06121
481858,SKD Nagar| Pileru|ULS,Tirupathi,13.65088,78.94766
481891,Neerugattupalle Village| Chittoor,Tirupathi,13.5678,78.4969
481522,Almaspet|ULS,Kurnool,14.47518,78.81882
481357,Pappula Veedhi|ULS,Tirupathi,14.45995,79.99172
481341,Ammavarishala Street| Ashok Nagar|ULS,Kurnool,14.74569,79.06332
480409,Eguvakunta,Kurnool,14.00943,78.56258
481338,Sainagar|ULS,Tirupathi,13.70208,80.01579
481303,2nd St| Renigunta|ULS,Tirupathi,13.6427,79.50616
481465,Sree Sainath Nagar| Tirupati|ULS,Tirupathi,13.62389,79.28985
481528,Madhav Puram|ULS,Tirupathi,13.65308,79.43879
481523,Singalagunta|ULS,Tirupathi,13.64162,79.41451
481524,Mangalam| Tirupati|ULS,Tirupathi,13.656,79.4578
481527,Ravindra Nagar| Kadapa|ULS,Kurnool,14.47249,78.81494
481525,Maruthi Nagar| Tirupati|ULS,Tirupathi,13.63566,79.43417
481468,Dhanalakshmi Nagar|ULS,Tirupathi,13.616,79.40932
481726,Btr Puram|Uls,Tirupathi,13.66061,79.45931
481851,Maruthinagar| Chittoor,Tirupathi,13.57337,78.49645
481867,Old Pet| Palamaner|Uls,Tirupathi,13.19765,78.74997
481729,CTM Rd| Madanapalle|ULS,Tirupathi,13.55075,78.50033
481026,Erragudi,Kurnool,14.99138,78.21554
481725,Gayathrinagar|ULS,Tirupathi,13.20019,79.08973
481526,Chakali St| VRC Centre|ULS,Tirupathi,14.44895,79.98199
481727,Umma Reddy Gunta|ULS,Tirupathi,14.42401,79.97126
481636,Kapatipalem /Shanthapet /ULS,Tirupathi,14.45795,79.98252
495006,8th Cross Rd| Sri Krishna Nagar,Tirupathi,13.61476,79.40682
480688,Mangalam| Tirupati|ULS,Tirupathi,13.65141,79.45705
494947,SPMVV Humanities Block,Tirupathi,13.61503,79.39511
480294,Ayesha Nagar| Kadapa,Kurnool,14.48834,78.81679
481922,Near Annamacharya Inst| Boyanapalli|ULS,Kurnool,14.22567,79.13907
481918,Mbt Road| Palamaneru,Tirupathi,13.20367,78.7575
495322,Nehru Nagar| Cuddapah|ULS,Kurnool,14.843684,78.379847
563041,Vasavi Nagar,Kurnool,14.46203,78.82529
563048,Mydukuru ,Kurnool,14.72471,78.73322
564123,UTI building,Tirupathi,14.43419,79.96867
564115,Kavali,Tirupathi,14.91885,79.99326
562917,Kasipentla,Tirupathi,13.5295,79.2234
505790,Kalakada,Tirupathi,13.8248,78.78715
505849,Rudra Kota,Tirupathi,14.978565,80.005509
456169,Kadapa,Kurnool,14.477491,78.823477
456201,Nellore-3,Tirupathi,14.46603,79.99217
584078,Idea bsc,Tirupathi,13.63199,79.42277
563054,Veprala,Kurnool,14.85499,78.34801
565143,Basavapuram,Kurnool,14.7082,78.87834
563053,Jamalamadugu-2,Kurnool,14.8618,78.3805
565135,JAMALAMADUGU-1,Kurnool,14.83941,78.37945
523250,Watr_Tank_Parnapalli_Road_Plvl,Kurnool,14.42088,78.21917
562882,Choudepally,Tirupathi,13.43225,78.69143
562930,Yerpedu ,Tirupathi,13.69396,79.59708
564272,Jeellapatur,Tirupathi,13.84411,79.83762
562903,Punganuru-2,Tirupathi,13.36141,78.56818
531084,K.R.Palayem colony,Tirupathi,13.69693,80.03795
505753,Pathikonda,Tirupathi,13.18304,78.63496
505970,Krishnapatnam,Tirupathi,14.279733,80.101622
563044,Rajampeta,Kurnool,14.19398,79.15857
563047,Kodur,Kurnool,13.95823,79.35109
563026,Vempally,Kurnool,14.36691,78.45652
563020,Produtur-4,Kurnool,14.75041,78.56052
563132,RAYACHOTI  (Masapeta),Kurnool,14.06989,78.75501
563017,SLV Lodge (Kadapa-1 Re loc),Kurnool,14.47957,78.82237
562942,Madanapally,Tirupathi,13.55181,78.50181
564129,Naidupeta,Tirupathi,13.91008,79.89745
562954,Pakala,Tirupathi,13.439,79.12636
562879,Pileru,Tirupathi,13.65258,78.94251
562932,Chittor-4,Tirupathi,13.21067,79.09307
564146,KALIGIRI,Tirupathi,14.82729,79.68961
562980,PANAGAL ROAD,Tirupathi,13.75094,79.69381
562969,R.C. Road,Tirupathi,13.6268,79.41592
562937,Sarala Arcade,Tirupathi,13.63218,79.42274
564130,Kovvur - Nellore,Tirupathi,14.49871,79.98618
564894,Nawab Peta,Tirupathi,14.45452,80.0061
505791,Chinnamandem,Kurnool,13.93826,78.68302
505842,Dakkili,Tirupathi,14.109289,79.552407
481731,Bodumalluvaripalle|ULS,Tirupathi,13.65332,78.94788
495330,Near Head Post office|ULS,Tirupathi,13.20475,78.744878
495258,Korramenugunta| Tirupati|ULS,Tirupathi,13.62839,79.43553
481857,Pileru|AP|ULS,Tirupathi,13.65864,78.93423
521753,Suchirs Spanish Villa Community,Hyderabad-1,17.270273,78.42552
520984,Aiport Road_Nh7,Hyderabad-1,17.242874,78.383062
505615,Kollapadakalla,Hyderabad-1,17.081876,78.3665
505821,Kollahpur,Hyderabad-1,16.073364,78.257902
505801,Maganoor,Hyderabad-1,16.460588,77.424292
505806,Lingala,Hyderabad-1,16.270961,78.512576
525483,Rajiv Chowk,Hyderabad-1,16.36208,78.06243
527838,Vengal Rao Colony,Hyderabad-1,16.35214,78.05818
527853,Veerannapeta-Airtel,Hyderabad-1,16.74205,77.9777
530588,Kalwakurthy – Mahabubnagar,Hyderabad-1,16.6678,78.48569
564652,Ghansi Bazar,Hyderabad-1,17.27862,78.40662
573751,"Near Navjeevan Hospital, Shamshabad",Hyderabad-1,17.26387,78.38631
564793,Jedcherla,Hyderabad-1,16.76256,78.14372
565206,Nagerkurnool,Hyderabad-1,16.48744,78.31373
564794,"shivashakti Nagr, Mehboob Nagar",Hyderabad-1,16.73615,77.99372
565209,Makthal,Hyderabad-1,16.50442,77.51811
565208,Gadwal,Hyderabad-1,16.23377,77.80123
565202,Kothakota,Hyderabad-1,16.37538,77.94044
564786,Addakal,Hyderabad-1,16.50176,77.91928
564801,ASLAM KHAN STREET,Hyderabad-1,16.74421,77.98663
565221,CHOWK BAZAR,Hyderabad-1,16.74854,77.49725
565223,Fazal Banda colony,Hyderabad-1,16.74805,78.14936
564787,Gattu,Hyderabad-1,16.11988,77.57498
565210,Kalwakurthy-2,Hyderabad-1,16.67148,78.49035
565159,KASIPUR,Hyderabad-1,15.86389,78.10256
565220,Kothakota road,Hyderabad-1,16.36442,78.05537
564807,Koukuntla,Hyderabad-1,16.51961,77.86296
564799,Palem (NH-7),Hyderabad-1,16.4031,77.94262
564802,Teacher's colony,Hyderabad-1,16.48638,78.30484
565224,VALLUR,Hyderabad-1,16.80555,78.07975
564810,YAKTA PUR,Hyderabad-1,16.1521,77.9268
564811,Bochuveerapur,Hyderabad-1,16.09737,77.95405
564812,NATELLY,Hyderabad-1,16.25881,77.95761
565218,RPT_Mojerla,Hyderabad-1,16.4442,77.9722
564790,Raghupathipeta,Hyderabad-1,16.51406,78.47989
565203,Nandigam (MBNR),Hyderabad-1,17.12118,78.25005
565212,NANDIGAMA(MAHBUB NGR),Hyderabad-1,17.13233,78.27047
565213,KAVERAMMAPETA,Hyderabad-1,16.7772,78.13336
564804,GAJULAPETA,Hyderabad-1,16.0112,77.66333
565214,WILLIAMKONDA,Hyderabad-1,16.2957,77.9508
565058,Shasha Butta,Hyderabad-1,16.74734,78.00713
565238,SHADNAGAR,Hyderabad-1,17.0601,78.20509
565240,NARAYANPET,Hyderabad-1,16.74124,77.5036
565063,Timmasanipalli,Hyderabad-1,16.76132,78.01079
530988,Kalwakurthy,Hyderabad-1,16.669,78.497
569597,SHAMSHABAD,Hyderabad-1,17.26286,78.39002
569598,Shamshabad town,Hyderabad-1,17.25999,78.39722
569599,Shamshabad-3,Hyderabad-1,17.26161,78.38228
565241,"Gollapally, Shamshabad",Hyderabad-1,17.23735,78.39916
569896,THIMMAPUR-4,Hyderabad-1,17.18746,78.30505
575020,Nagaram,Hyderabad-1,17.18349,78.39118
579516,Siddapur,Hyderabad-1,17.05264,78.35466
580721,Ravipakula,Hyderabad-1,16.41724,78.40585
580716,Chinnadarapally Mahabubnagar,Hyderabad-1,16.75279,77.98206
579485,Kulkacherala,Hyderabad-1,17.02589,77.84268
580617,Pochannapet,Hyderabad-1,16.97596,78.31316
580851,Konapur,Hyderabad-1,16.900529,78.55605
445159,JULAKAL,Hyderabad-1,15.97626,77.79624
445160,PADMARAM,Hyderabad-1,17.08299,77.96035
445161,SALKARPET,Hyderabad-1,16.4398,78.22566
445162,YADIREDDIPALLI,Hyderabad-1,16.56072,78.37405
445163,VINJAMUR,Hyderabad-1,16.76818,77.70809
445164,MUTCHINTALA,Hyderabad-1,16.52735,77.81217
445165,POTHAREDDIPALLE,Hyderabad-1,16.52559,78.52258
445166,PULIMAMIDI,Hyderabad-1,16.58553,77.58988
445169,SIRSWADA,Hyderabad-1,16.63585,78.34317
445170,KETHEPALLE,Hyderabad-1,16.20213,78.15178
445171,NARLAPURAM,Hyderabad-1,16.15967,78.38029
445172,VELJALA,Hyderabad-1,16.82519,78.36317
445173,"CHINTAKUNTA,MAHABOOB NAGAR",Hyderabad-1,16.25452,78.07017
445175,CHITYAL,Hyderabad-1,16.40443,77.53396
445176,RAJSRIGARLAPADU,Hyderabad-1,16.06953,77.96141
445177,VELTUR,Hyderabad-1,16.50895,78.66808
445178,CHINCHODE,Hyderabad-1,17.0301,78.10523
445179,CHINTHAREVULA,Hyderabad-1,16.30449,77.70525
445180,IRWIN,Hyderabad-1,16.78984,78.70395
445181,POTHEPALLY,Hyderabad-1,16.70882,78.58955
445182,VATHUGUNDLA,Hyderabad-1,16.81272,77.55738
445185,KODGAL,Hyderabad-1,16.82185,78.22417
445186,THUMMELLA,Hyderabad-1,15.89366,77.75155
445187,RACHUR,Hyderabad-1,16.75525,78.45292
445188,RAMAKRISHNAPURAM,Hyderabad-1,16.27381,77.91311
445189,KONDAREDDIPALLI,Hyderabad-1,16.6327,78.56475
445191,YEDULA,Hyderabad-1,16.3197,78.23268
445192,KOLLAMPALLE,Hyderabad-1,16.68104,77.62784
445193,GATLAKHANPUR,Hyderabad-1,16.48248,77.98743
445194,MAILARAM,Hyderabad-1,16.21627,78.22847
445195,CHEEPUNUTHALA,Hyderabad-1,16.90201,78.44027
445196,UMITYALA,Hyderabad-1,16.22371,77.57667
445197,PEDDAKADUMURU,Hyderabad-1,16.42175,77.67265
445199,GOPALAPURAM,Hyderabad-1,16.06743,78.21151
445200,VELGONDA,Hyderabad-1,16.56093,78.18909
445201,RAMCHANDRAPUR,Hyderabad-1,16.69805,77.89788
445202,BEKKAM,Hyderabad-1,16.05124,78.10993
445204,BEEROLE,Hyderabad-1,16.20543,77.88348
445205,KOTHUR,Hyderabad-1,17.13839,78.21935
445206,VENKESHWARAM VILLAGE,Hyderabad-1,16.42923,78.90855
465312,Sparsh Hydroponic Farms,Hyderabad-1,16.93291,78.44566
456072,Maheswara pyramid,Hyderabad-1,16.97152,78.53346
465335,AUROBINDO Jadcherla2,Hyderabad-1,16.82946,78.13542
456074,Aurobindo,Hyderabad-1,16.82746,78.13825
586499,Simhagiri,Hyderabad-1,16.75799,77.98588
586730,Enkammaguda,Hyderabad-1,17.080321,78.195154
586100,Bhageeratha Colony,Hyderabad-1,16.73416,78.00303
586823,HB Colony_Gadwal,Hyderabad-1,16.22535,77.81653
588718,Mutpoor Chukkammet,Hyderabad-1,17.15159,78.0683
589444,Teachers Colony| Mahbubnagar,Hyderabad-1,16.746487,78.009737
589701,Setty Complex Rajendra Nagar,Hyderabad-1,16.75249,78.00145
589704,Clock Tower X road,Hyderabad-1,16.74517,77.98766
589924,Old palamur,Hyderabad-1,16.732352,77.996867
589702,Padmavathi_Colony_Mahbubnagar,Hyderabad-1,16.74913,78.01682
590612,Teelair,Hyderabad-1,16.614438,77.752287
587700,Rallaguda_Relocation,Hyderabad-1,17.264559,78.375193
590535, Teachers Colony| Achampet,Hyderabad-1,16.39765,78.63118
590614,Lakshmi Nagar | Mahbubnagar,Hyderabad-1,16.756287,78.021186
590610,Janampeta,Hyderabad-1,16.628386,77.983348
590928,Tharnikal,Hyderabad-1,16.625769,78.454665
590537,Hanumanpura | Palamoor,Hyderabad-1,16.730311,77.984809
592145,KOTHUR PS,Hyderabad-1,17.14235,78.28538
591789, Indira Nagar| Jadcherla,Hyderabad-1,16.769874,78.13178
592312,Desitekayal,Hyderabad-1,16.453158,78.33958
591927,Uyalawada,Hyderabad-1,16.503699,78.286817
591755,JADCHERLA,Hyderabad-1,16.76342,78.153162
592779,SANGALA,Hyderabad-1,16.238573,77.75037
592924,MADDUR,Hyderabad-1,15.93418,77.90503
593216,Bonkur,Hyderabad-1,15.9215,77.96155
593130,PASPUL,Hyderabad-1,16.621035,77.710535
593315,KAMSANIPALLI,Hyderabad-1,16.502626,78.606684
593333,Rampur_Mahbubnagar,Hyderabad-1,16.850908,78.405487
593332,Chennaram PG,Hyderabad-1,16.373331,78.567542
593330,Kolkulapally,Hyderabad-1,16.91113,78.725062
593490,Kothapally_Pullikal,Hyderabad-1,15.95819,77.55257
592076,Vijaya Nagar Colony| Near Railway Gate,Hyderabad-1,17.057693,78.21185
593724,Venkatapur S,Hyderabad-1,16.159938,78.017448
593193,kothapalli,Hyderabad-1,16.28181,77.79477
594138,Chowdarapalle,Hyderabad-1,16.633006,77.868442
592301,Narllapur Kolhapur Rd,Hyderabad-1,16.106637,78.318497
594542,Ekrajguda | Fortune Butterfly City,Hyderabad-1,16.99342,78.48294
595050,Bandoniguda | Mallapur,Hyderabad-1,17.18956,78.22824
594541,Eshwar Colony,Hyderabad-1,17.058895,78.201164
595112,Tumainpet,Hyderabad-1,16.39517,78.53702
595454, Shah Saheb Gutta| Mahbubnagar,Hyderabad-1,16.73563,78.01016
595289,Kuchcherkal,Hyderabad-1,16.864499,78.137342
595315,Dhoolpet| Narayanpet,Hyderabad-1,16.750075,77.492353
595634,Basaveshwara Colony |Makthal,Hyderabad-1,16.511314,77.506773
596103,Duddarapalli,Hyderabad-1,16.22228,77.79192
595492,Elkatta| Shadnagar,Hyderabad-1,17.07436,78.1553
595989,Mannapur,Hyderabad-1,16.25346,77.69465
595713,KARKALPAHAD,Hyderabad-1,16.952457,78.518656
595461,Kollapur Rd| Narsaipalle,Hyderabad-1,16.183345,78.24405
596544,Nandinne,Hyderabad-1,16.21021,77.5027
595587,Nellikonda,Hyderabad-1,16.464338,78.315438
595489,Keshava nager/ Makthal,Hyderabad-1,16.499849,77.514365
590532,Kristan Pally | Monnappugutta,Hyderabad-1,16.748893,77.984792
596147,Raigadda| Wanaparthy,Hyderabad-1,16.364613,78.062352
597536,Ravindranagar |Mahbubnagar,Hyderabad-1,16.753333,78.019697
597018,Vallabh Naga |Mahbubnagar,Hyderabad-1,16.73618,77.989379
597567,Rajapet| Atmakur,Hyderabad-1,16.359783,77.9983
597596,Ummenthyal,Hyderabad-1,17.135212,78.014271
597835,Mudireddypalli|Raipalle,Hyderabad-1,16.843842,78.161152
597832,GUDLANARVA,Hyderabad-1,16.541972,78.23186
597865,FOTIMAPUR,Hyderabad-1,17.16952,78.27695
598184,Polisettipally,Hyderabad-1,16.392679,78.604596
598182,Palcherla,Hyderabad-1,16.272067,77.727477
598448,Jinnaram,Hyderabad-1,16.54508,77.7355
505655,PEDDASHAPUR,Hyderabad-1,17.217506,78.335513
505835,Gudigandla,Hyderabad-1,16.57281,77.633686
564791,MAHABOOBNAGAR-2,Hyderabad-1,16.75353,78.0162
564809,AMASTAPUR,Hyderabad-1,16.70617,78.04036
576559,Mahaboob nagar-1 (Relocation),Hyderabad-1,16.75001,77.99387
577383,Vatavrlapally,Hyderabad-1,16.24374,78.80257
599167,Konkala,Hyderabad-1,15.950606,77.799593
599252,Badepalle|ULS,Hyderabad-1,16.75554,78.14871
599528,APGVB Bank| Bhuthpur|ULS,Hyderabad-1,16.700044,78.049569
599479,Near Renuka Yellamma Temple| Marikal|ULS,Hyderabad-1,16.60098,77.729779
599714,POLKAMPALLE,Hyderabad-1,16.638012,78.019814
599496,Near Nakshatra Society| Siddanthi|ULS,Hyderabad-1,17.2695,78.39458
480295,Shalipur,Hyderabad-1,16.00357,78.05125
481095,Badepalle| Jadcherla|ULS,Hyderabad-1,16.75457,78.1411
599291,h no|3|72| Kothur|ULS,Hyderabad-1,17.1476,78.28809
599405,Near LIC office| Nagarkurnool|ULS,Hyderabad-1,16.48844,78.31549
480413,Nagarkurnool|ULS,Hyderabad-1,16.48642,78.30904
505601,Nagaram,Hyderabad-1,17.183333,78.391474
505772,Charakonda,Hyderabad-1,16.692012,78.709255
565207,Wanaparthy,Hyderabad-1,16.35838,78.06332
564800,Mehboob Nagar-3 Housing board (Rep),Hyderabad-1,16.75683,78.04664
564797,Atmakur (Mbnr),Hyderabad-1,16.3401,77.8007
564805,Peddadinne,Hyderabad-1,16.10315,77.84052
577867,UPPARU,Hyderabad-1,16.3151,77.65802
577207,Domala Penta,Hyderabad-1,16.0991,78.89708
565245,Mohan Mill,Hyderabad-1,16.2361,77.7919
565237,Gadwal,Hyderabad-1,16.23667,77.81213
576725,"Dharmagiri,Shamshabad",Hyderabad-1,17.26087,78.43507
565205,Shadnagar,Hyderabad-1,17.06537,78.2057
565061,pebbair,Hyderabad-1,16.20643,77.99365
564092,BODHAN,Hyderabad-2,18.6549,77.89346
531083,Yellareddy-2,Hyderabad-2,18.1983,78.01329
563882,NIJAMABAD - 3,Hyderabad-2,18.668678,78.090062
563880,NIJAMABAD - 1,Hyderabad-2,18.688373,78.113703
563888,Nizambad - 5,Hyderabad-2,18.66966,78.0968
563885,Nizambad - 6,Hyderabad-2,18.6811,78.11258
564069,BHAIMSA,Hyderabad-2,19.10147,77.96458
564091,Balkonda,Hyderabad-2,18.87248,78.34431
563921,Biknoor,Hyderabad-2,18.18232,78.39985
564100,Bichkunda,Hyderabad-2,18.40094,77.7016
563958,Ashok Nagar - Armoor,Hyderabad-2,18.79283,78.2715
564104,Banswada-2,Hyderabad-2,18.3872,77.8692
563898,Bheemgal-2,Hyderabad-2,18.69925,78.44107
564085,Gujjargalli,Hyderabad-2,19.11289,77.96016
564089,NYALKAL-2,Hyderabad-2,18.63322,78.09552
564099,Nandipeta-2,Hyderabad-2,18.87688,78.15048
564093,Narsi Road ,Hyderabad-2,18.66244,77.88513
564103,Pitlum,Hyderabad-2,18.2223,77.8239
564094,Shakkar nagar,Hyderabad-2,18.6681,77.90308
563883,Subash Nagar (NZBD),Hyderabad-2,18.68437,78.10443
563887,GURBA BADI ROAD-UNITECH,Hyderabad-2,18.68106,78.09633
564097,Gundaram,Hyderabad-2,18.71497,78.06603
564113,Mudhole,Hyderabad-2,18.97209,77.91063
563961,ARMOOR (APHB COLONY),Hyderabad-2,18.79359,78.29464
563960,RR NAGAR,Hyderabad-2,18.78584,78.29206
564110,CHATANAY COLONY,Hyderabad-2,18.38334,77.87491
563956,ADLOOR,Hyderabad-2,18.35784,78.3288
563884,Subhashnagar (Hamalwadi NZBD),Hyderabad-2,18.68176,78.10571
564086,Namdevwada,Hyderabad-2,18.682,78.0984
563896,Mothe,Hyderabad-2,18.69475,78.4495
563924,Behind kamareddy Bustand,Hyderabad-2,18.3243,78.3277
563955,KAMAREDDY-4,Hyderabad-2,18.32843,78.33848
531081,BICHKUNDA-3,Hyderabad-2,18.40158,77.7065
531717,Rpt_Karawadi,Hyderabad-2,18.42224,78.16936
572604,Mallepalli,Hyderabad-2,18.67797,78.0862
572075,Ahmadpura,Hyderabad-2,18.67429,78.0881
573223,ITI Arasapally,Hyderabad-2,18.68059,78.07396
565101,RANJAL 2 (Satapur),Hyderabad-2,18.7604,77.9252
577206,Nizamabad (Bodhan Bus Stand),Hyderabad-2,18.67088,78.08618
577364,Padma Nagar,Hyderabad-2,18.66033,78.09945
577105,Vinayaknagar,Hyderabad-2,18.66739,78.10893
505677,"Arya Nagar, Nizambad",Hyderabad-2,18.65768,78.118541
505554,Kotigiri,Hyderabad-2,18.5756,77.81992
505645,PADGAL,Hyderabad-2,18.832469,78.375945
505742,"Gayatri Nagar, Nizamabad",Hyderabad-2,18.663346,78.09809
505744,"Arya Nagar, Kamareddy",Hyderabad-2,18.320898,78.328658
505762,Bibipet,Hyderabad-2,18.208481,78.525808
521811,Gandhi chowk-TTS:L,Hyderabad-2,18.67425,78.096903
525752,Arsapally2,Hyderabad-2,18.67781,78.073749
530485,Near Megamart,Hyderabad-2,18.67426,78.098339
530552,Arsapally (Airtel),Hyderabad-2,18.67203,78.08239
579495,Ramchandrapally,Hyderabad-2,18.770176,78.216856
579575,Phulong_Nzb,Hyderabad-2,18.66936,78.10273
580714,Ahmedpura Colony_Nzb,Hyderabad-2,18.66975,78.08074
585634,Khanapur_airtel,Hyderabad-2,18.700556,78.092215
586268,Satish Nagar_airtel,Hyderabad-2,18.678337,78.067977
585633,Arsapally-Nizamabad,Hyderabad-2,18.683236,78.078956
587257,"Sarangapur, Nizamabad",Hyderabad-2,18.689505,78.061012
587967,Ambedkar Colony NZB,Hyderabad-2,18.679395,78.092379
587833,"Hanuman Mandir,Bhaimsa",Hyderabad-2,19.11211,77.9574
590038,MR Gardens,Hyderabad-2,18.78672,78.3031
591758,Nehru Nagar | Jankampet,Hyderabad-2,18.70589,78.03897
591290,Quilla Rd | Nizamabad,Hyderabad-2,18.66868,78.08781
592818,Pallikonda,Hyderabad-2,18.670154,78.4786
593090,NEARBY POST OFFICE|Mudhole,Hyderabad-2,18.978432,77.906378
592880,Kothapally,Hyderabad-2,18.90682,78.369406
592646,Degaon,Hyderabad-2,18.848153,78.257813
593341,Taroda,Hyderabad-2,19.011405,77.934316
593279,Baswapur,Hyderabad-2,18.505234,77.818729
590609,Raikur,Hyderabad-2,18.602851,77.857045
594643,Kachapur,Hyderabad-2,18.20099,78.45494
594335,Nagaram| Nizamabad,Hyderabad-2,18.650441,78.06782
595357,Panta Khurd | Lakmapur,Hyderabad-2,18.63758,77.84624
595446, Venkateshwara Colony |Bodhan,Hyderabad-2,18.66688,77.88394
595299,Kodicherla |Doodgaon,Hyderabad-2,18.982863,78.384291
596681,Mullangi,Hyderabad-2,18.774967,78.098693
592827,Merdepalle,Hyderabad-2,18.830644,78.23018
597016,Kotagiri,Hyderabad-2,18.573164,77.827333
596624,ARP CAMP,Hyderabad-2,18.69987,77.95136
597144,Chimanpally | Pandimadugu,Hyderabad-2,18.547873,78.540133
597402,Badsi,Hyderabad-2,18.565415,78.135302
597319,Tekriyal,Hyderabad-2,18.343504,78.307261
597317,CSI Saint Peters Church St|Mahalaxmi Colony,Hyderabad-2,18.78444,78.28832
597833,NDCC BANK |Dharpally,Hyderabad-2,18.5722,78.369
598883,TIRMALAPUR,Hyderabad-2,18.58447,77.77621
598499,LIMBA KURDH,Hyderabad-2,19.152078,78.047054
563963,Varni  ,Hyderabad-2,18.53139,77.89674
530926,KAMAREDDY-4,Hyderabad-2,18.33328,78.33503
577868,Perkit,Hyderabad-2,18.79227,78.30819
505616,Gutpa,Hyderabad-2,18.774176,78.199139
505646,THIMMAPUR,Hyderabad-2,19.11187,78.07179
598464,Hanmajipet |Paidimal,Hyderabad-2,18.43681,78.00341
599071,Mamidipally| Armur|ULS,Hyderabad-2,18.7768,78.2976
599492,Arsapally2|ULS,Hyderabad-2,18.667482,78.073482
599233,Gadkole|Ramadugu,Hyderabad-2,18.5407,78.42501
599493,Gautamnagar|ULS,Hyderabad-2,18.69394,78.110761
480021,Banswada|ULS,Hyderabad-2,18.38577,77.86556
480140,Pusalagally|ULS,Hyderabad-2,18.66996,78.09654
599494,Bada Bazar|ULS,Hyderabad-2,18.665071,78.096416
599401,Demi,Hyderabad-2,18.323133,78.213884
481255,Bhainsa| Nirmal|ULS,Hyderabad-2,19.10288,77.98118
481353,Banswada|NIZ|ULS,Hyderabad-2,18.3873,77.87385
481413,Ambedkar Colony| NIZ|ULS,Hyderabad-2,18.67999,78.08694
481473,Arsapally|ULS,Hyderabad-2,18.68082,78.07086
481474,NRI Colony|ULS,Hyderabad-2,18.67497,78.09042
481155,Jagiryala,Hyderabad-2,18.73804,78.44668
481622,FCI Colony|ULS,Hyderabad-2,18.66846,78.11261
493695,Madanpalle,Hyderabad-2,18.6818,78.1874
599495,Arsapally| Niz|ULS,Hyderabad-2,18.6764,78.0717
563891,Arsapally,Hyderabad-2,18.6718,78.082
564088,PADMANAGAR-UNITECH,Hyderabad-2,18.66508,78.1003
505673,"Mubarak Nagar, Nizamabad",Hyderabad-2,18.696365,78.123284
456179,Nizamabad( Station Road),Hyderabad-2,18.67672,78.10185
503337,Telecom Colony,Hyderabad-2,18.652849,78.115118
563959,Old Armoor (Rep),Hyderabad-2,18.79455,78.28117
564111,Yamcha,Hyderabad-2,18.87314,77.94828
564877,RADIO STATION,Hyderabad-2,18.6602,78.09202
523236,Devunipally_Kmd (E-City),Hyderabad-2,18.32092,78.31803
580884,Bheemgal_Nzb,Hyderabad-2,18.70032,78.46166
563923,KAMAREDDY - 1,Hyderabad-2,18.32693,78.32855
563899,ARMMOR,Hyderabad-2,18.78748,78.29326
564109,Banswada,Hyderabad-2,18.37878,77.87757
505763,jakranpalli,Hyderabad-2,18.716751,78.271141
562914,Aravind Nagar (Antp),Kurnool,14.66814,77.59399
563077,Adoni-1,Kurnool,15.63059,77.28475
563080,Srisailam,Kurnool,16.07147,78.86906
563072,Kurnool-4,Kurnool,15.80264,78.04881
562918,Saradanagar,Kurnool,14.65602,77.61238
563083,Dhone-Ph-3,Kurnool,15.39844,77.87215
562907,Tadipatri-2,Kurnool,14.9076,77.9837
563059,Nandavaram,Kurnool,15.37743,78.27871
562911,Madakasira,Kurnool,13.93865,77.27403
563153,Tadipathri,Kurnool,14.91129,78.00705
563062,Owk,Kurnool,15.20652,78.11231
562906,Ananthapur-6,Kurnool,14.68552,77.6037
563064,Chagalamarri,Kurnool,14.96329,78.58608
563070,Nandyal-4,Kurnool,15.49262,78.48391
563084,Abbas Nagar,Kurnool,15.8105,78.04182
563145,Gooty - Ar,Kurnool,15.12112,77.63525
563086,Aspri Road,Kurnool,15.61921,77.28373
565174,Bethamcherla Antp,Kurnool,14.42649,77.72973
565170,Gooty Railway Station,Kurnool,15.14509,77.62614
563094,Hotel Mourya,Kurnool,15.8281,78.03538
563089,Kothapet-Kurnool ,Kurnool,15.39194,77.87415
563088,Kurnool One Town,Kurnool,15.82533,78.04984
563085,Kurnool-6,Kurnool,15.84027,78.03803
563095,Main bazar Allagadda,Kurnool,15.13039,78.51659
563099,MAMIDALAPADU,Kurnool,15.85465,78.01375
563096,Postal colony Atmakur,Kurnool,15.87402,78.57945
562874,REVENUE COLONY,Kurnool,14.6922,77.59993
562902,RF Road,Kurnool,14.9092,77.99414
562957,RUDRAMPETA,Kurnool,14.646118,77.671873
562956,SK UNIVETSITY,Kurnool,14.59898,77.65495
565142,Tadipatri-3,Kurnool,14.90961,78.01338
563090,Nr. Sarafa Bazar,Kurnool,15.62798,77.27362
563073,Kurnool- 5,Kurnool,15.83489,78.0225
562960,Hampapuram,Kurnool,14.55514,77.62876
562961,Gajrampally,Kurnool,15.00119,77.61768
563104,Pothuladoddi,Kurnool,15.19276,77.70124
565171,Kodihalli,Kurnool,13.86037,77.47898
562877,Pothulakunta (Rep),Kurnool,14.16014,77.70357
562889,Gunjepalle,Kurnool,14.3849,77.9506
563103,Nagaladinne,Kurnool,15.91144,77.56525
562955,Kanekal,Kurnool,14.80388,77.07581
562890,Seepri (Rep),Kurnool,14.66435,77.15508
562891,Junjurampalli (Rep),Kurnool,14.64428,77.00333
562894,Teacher's colony(HINDUPUR),Kurnool,13.81472,77.48732
565176,Kadri-2,Kurnool,14.10915,78.16099
562895,Darmavaram -4,Kurnool,14.4218,77.723
562899,Krishnapuram-3,Kurnool,14.9015,78.00877
563108,Near -PS kurnool,Kurnool,15.79355,78.03742
563110,Banaganapalle,Kurnool,15.32457,78.22819
563109,BETHAMCHERLA ROAD,Kurnool,15.45662,78.14891
562920,Hotel Noma,Kurnool,14.67994,77.60303
563113,Devanakonda,Kurnool,15.54185,77.5467
563016,Vanganur rly,Kurnool,14.81131,78.14632
565140,Guntakal - Vidya nagar,Kurnool,15.17095,77.36391
565109,Pinnapuram (Rep),Kurnool,15.58981,78.26585
565112,ENGINEERS' COLONY,Kurnool,15.79938,78.05079
565118,SKD COLONY,Kurnool,15.61515,77.27839
563133,Adoni,Kurnool,15.61402,77.26739
563120,KURNOOL (Kothapeta),Kurnool,15.83749,78.04609
563117,KUMMARAGARI,Kurnool,15.82611,78.05622
563115,EASWAR NAGAR,Kurnool,15.83278,78.0397
563121,Budavaripet,Kurnool,15.82049,78.04301
563123,Rapthadu,Kurnool,14.61781,77.607
563128,Alagadda,Kurnool,15.13535,78.5027
563140,K Agraharam - Ar,Kurnool,14.93328,77.58498
563146,NGO's Colony  (Kurnool),Kurnool,15.46659,78.48788
563157,Lingamaiah Steet - Allagadda,Kurnool,15.13173,78.51372
563158,kodumur,Kurnool,15.68115,77.7699
563160,Pandipadu,Kurnool,15.79613,78.01776
565127,ATMAKUR,Kurnool,15.8776,78.5816
565129,Bhairava Nagar,Kurnool,14.65135,77.6031
565132,Mudireddypalli-Hin,Kurnool,13.82853,77.49001
565133,Ananthapur_4(Rudrampet),Kurnool,14.66726,77.5825
565136,KADIRI (Siddapuram),Kurnool,14.12323,78.15681
563139,Bhagya Nagar Colony,Kurnool,14.68496,77.57104
563131,"Bankers colony, Adoni",Kurnool,15.6302,77.29579
530951,Enugumarri,Kurnool,15.29813,77.78868
568714,HARINATH V.G.S.HIGH SCHOOL,Kurnool,14.6856,77.5922
565166,Kurnool (Industrial area),Kurnool,15.81146,78.02708
563102,B.THANDRAPADU,Kurnool,15.76608,78.06095
531676,Dharmavaram-5,Kurnool,14.41348,77.72437
563116,B R Colony,Kurnool,15.83829,78.02239
572071,H L C Colony,Kurnool,14.6974,77.59834
572074,Pedda Tekur,Kurnool,15.72969,78.00505
570985,Lakshmipuram,Kurnool,13.82574,77.49691
572663,Hanuman junction NH7,Kurnool,14.72821,77.60686
531090,RPT_Chityala,Kurnool,15.47109,77.76
575973,"Gandhi Chowk, Nandyal",Kurnool,15.48997,78.48688
575664,THOGATTA STREET,Kurnool,14.41786,77.72574
577208,Santhinagar_At2213,Kurnool,14.69394,77.59167
577388,Adoni,Kurnool,15.63047,77.28883
577813,Gaffoorcolony,Kurnool,14.6837,77.61295
577808,Vinayak Nagar,Kurnool,14.68611,77.607782
505741,"Sarafa Bazar, Adoni",Kurnool,15.62805,77.27201
505941,"Santosh Nagar, Kurnool",Kurnool,15.83857,78.01234
505812,Maddikera,Kurnool,15.25596,77.4183
505844,Beluguppa,Kurnool,14.71035,77.13469
505942,"Maruthi Mega City, Kurnool",Kurnool,15.78532,78.05707
505950,Kothapeta,Kurnool,15.838066,78.043533
521419,Ucon Plaza ,Kurnool,15.829979,78.042961
521756,Nh7 Rail Gate-Ttsl,Kurnool,14.708809,77.595464
523328,Ndl 7_4 (Noonpalli) ,Kurnool,15.46308,78.4831
523259,Gtl-Vv Nagar,Kurnool,15.17482,77.38019
524777,Koilakuntla,Kurnool,15.23366,78.31444
524895,Nandikotkur,Kurnool,15.859742,78.2689
525403,"Auto Nagar, Dhone",Kurnool,15.39389,77.86774
525696,Lakshmipur - Hdp,Kurnool,13.81535,77.50274
526175,Mugathi,Kurnool,15.79848,77.47094
526867,Ram Nagar - Anantapur,Kurnool,14.669274,77.584939
503043,Pawada Road,Kurnool,13.93926,77.27866
503076,Gadda Street,Kurnool,15.82148,78.0545
503155,Nandyala,Kurnool,15.46695,78.49308
522451,Gotty - Airtel,Kurnool,15.10798,77.63761
527840,Tadipatri-Airtel,Kurnool,14.91339,77.97428
527842,Vidyanagar-Ananthapur,Kurnool,14.558967,77.109474
528009,Hindupur,Kurnool,13.83524,77.48903
529605,Ashok Nagar Bsnl,Kurnool,15.83672,78.03114
529606,"Minchin Bazar, Kurnool",Kurnool,15.8308,78.05082
578170,Jalvadi,Kurnool,15.79605,77.37189
578901,"Bharpet, Aranjyothi Nagar",Kurnool,15.62984,77.27697
579467,Allagadda_Tb Road,Kurnool,15.13377,78.50879
579595,Kranthi Nagar,Kurnool,15.48584,78.48933
581134,"Gandhi Chowk, Nandyal-Relocation",Kurnool,15.48927,78.48653
445000,BESTHARAPALLE,Kurnool,14.29333,77.09959
445002,BOMMAGUNDANAHALLI,Kurnool,13.89813,77.07424
445003,GANGAM PALLI,Kurnool,14.03702,77.81625
445004,MALEPALLI,Kurnool,14.359,78.11072
445007,KOTANKA,Kurnool,14.77092,77.53022
445008,DHARMAPURAM,Kurnool,14.92021,77.88348
445009,GANDLAPARTHI,Kurnool,14.54342,77.54428
445010,GODDUMARRI,Kurnool,14.60595,78.01128
445012,KALIPI,Kurnool,13.98111,77.44626
445015,RAVUDI,Kurnool,13.82069,77.02155
445017,SREEDHARAGATTA,Kurnool,14.90476,77.00902
445018,THUMUCHERLA,Kurnool,14.53165,77.45239
445020,R.ANANTHAPURAM,Kurnool,13.949,77.33952
445022,NAGALAPURAM,Kurnool,14.93486,76.93163
445023,PILLENAHALLI,Kurnool,13.98953,77.20954
445027,POLIKI,Kurnool,15.07221,77.29955
445028,SIVARAM,Kurnool,14.03152,77.02272
445029,KUMTIMADI,Kurnool,14.33371,77.5974
445030,RAMAGIRI,Kurnool,14.3089,77.4994
445032,GOWKANAPALLE,Kurnool,14.17309,78.40609
445034,YENUMALA DODDI,Kurnool,14.38517,77.11034
445035,GOWNIPALLI,Kurnool,13.98,77.91845
445037,JUNJURAMPALLE,Kurnool,14.64341,77.00381
445038,SREERANGAPURAM,Kurnool,14.73845,77.07468
445039,VELICHELIMALA,Kurnool,14.16663,78.34283
445041,DONNIKOTA,Kurnool,14.09318,78.03461
445042,YATAKAL,Kurnool,14.50304,77.05663
445043,POLETIPALLE,Kurnool,14.28227,77.67245
445046,"BANDLAPALLE,KOTHACHERUVU MANDAL",Kurnool,14.13183,77.69697
445050,KODAVANDLAPALLE,Kurnool,14.46676,77.96393
445051,JOGANNAPETA,Kurnool,14.05242,78.17228
445052,BACHCHUPALLE,Kurnool,14.45498,77.04685
445106,G.SINGAVARAM,Kurnool,15.87754,77.94294
445108,CHINNAHYTA,Kurnool,15.48485,77.08665
445110,MEERAPURAM,Kurnool,15.33137,78.16948
445111,PALUKUDODDI,Kurnool,15.85202,77.67502
445113,RACHUMARRI,Kurnool,15.89594,77.34599
445118,YERRADODDI,Kurnool,15.6704,77.87939
445119,BHEEMUNIPADU,Kurnool,15.21722,78.36005
445122,KAMBALADINNE,Kurnool,15.79779,77.37036
445123,R.KRISHNAPURAM,Kurnool,15.08387,78.58863
445126,T.LINGAMDINNE,Kurnool,15.19897,78.59773
445128,EDURUPADU,Kurnool,15.92534,78.47608
445129,AYYAVARIKODURU,Kurnool,15.52931,78.53773
445130,NANDIVARGAM,Kurnool,15.41586,78.31094
445131,"ALLUR,KURNOOL",Kurnool,15.12578,78.34851
445133,YERUKALACHERUVU,Kurnool,15.54292,77.77015
445134,"MADDUR,KURNOOL",Kurnool,15.74764,78.48608
445135,PETNIKOTA,Kurnool,15.08224,78.05955
445136,EDDUPENTA,Kurnool,15.36371,77.7592
445137,BADNIEHL,Kurnool,15.7154,77.16138
445139,PEDDAKAMBALURU,Kurnool,15.30303,78.61239
445140,KORRARACHEDU,Kurnool,15.19968,77.19108
445142,MADIRE,Kurnool,15.6448,77.21455
445143,NITRAVATHI,Kurnool,15.38202,77.12569
445146,RAMADURGAM,Kurnool,15.29723,77.25036
445147,MEDIVEMULA,Kurnool,15.67448,78.10081
445148,BURANDODDI,Kurnool,15.78673,77.69006
445150,POLUR,Kurnool,15.57356,78.42416
445152,GANI,Kurnool,15.66654,78.31784
445154,MUCHUMARRI,Kurnool,15.96321,78.28695
445155,GUDIPADU,Kurnool,15.18112,77.77515
445156,UPPALAPADDU,Kurnool,15.17308,78.04071
445157,SHOPPING COMPLEX,Kurnool,15.48445,78.4878
456093,JSW Cements,Kurnool,15.68484,78.45894
456092,Ultratech5th,Kurnool,15.02348,78.01176
582462,Kia Factory (Project Site),Kurnool,14.166771,77.628398
582127,Enumulapalli,Kurnool,14.14643,77.81729
582511,Santhinagar_Ant,Kurnool,14.6941,77.59189
581943,ATP_Ramnagar,Kurnool,14.67529,77.58372
583214,Stalin Nagar-Ananthapur,Kurnool,14.70531,77.59154
582463,Kia Town Ship,Kurnool,14.160726,77.605303
584558,Kadiri_Reloc,Kurnool,14.11617,78.15797
584537,Chetnepalli,Kurnool,15.15756,77.62475
586102,Sunkulammapalem,Kurnool,14.915,78.01744
585564,Hindupur_airtel,Kurnool,13.84513,77.49994
587675,Gooty Ananta Puram,Kurnool,15.072971,77.631699
587784,RASAPPA BAVI,Kurnool,14.55002,77.10497
588319,"Housing Board Colony, Anantapur",Kurnool,14.665706,77.601187
587982,Muttala,Kurnool,14.59294,77.37435
588004,CHOWDESWARI DEVI TEMPLE,Kurnool,14.713782,77.810664
587673,"Rudrampeta, Anantapur",Kurnool,14.67086,77.57277
588957,Talaricheruvu | Airtel,Kurnool,14.9467,78.08174
587786,"Revenue colony,anathapur",Kurnool,14.687799,77.589289
587360,PUTTAPATHI,Kurnool,14.17057,77.80925
589441,Dwaraka nagar Ananthapur,Kurnool,14.688653,77.597603
563155,Syndicate nagar - Ar,Kurnool,14.696,77.554
587676,Gajjala Reddy Palle,Kurnool,14.10391,78.16277
590342,Kamasalapeta| Hindupuram,Kurnool,13.82547,77.48672
585529,Saibaba Pet,Kurnool,15.84732,78.26082
591003,S|Nagulavaram,Kurnool,15.3863,78.46831
592877,Ayyalur,Kurnool,15.4419,78.52242
591289,Adarsh Colony| Chinmay Nagar,Kurnool,14.659783,77.590792
593357,Thatrakal,Kurnool,15.005052,77.380854
591291,Mukkidipeta | Hindupuram,Kurnool,13.82945,77.47967
586948,Tilak Nagar_Guntakal,Kurnool,15.16623,77.3833
592829,Shanthi Nagar,Kurnool,14.426979,77.7245
592908,SHILPA ESTATE BUSTOP,Kurnool,15.61303,77.29219
594685,Sreekanthapuram,Kurnool,13.82511,77.52874
592442,Kowlepalli village,Kurnool,14.09206,78.1654
595412,Mandalapalle,Kurnool,14.026225,77.75714
592909,LITTLE FLOWER PUBLIC SCL,Kurnool,15.39269,77.87179
595300,ASAR STREET,Kurnool,14.677315,77.607917
594334,Kia Factory |Back Side Of Head Office,Kurnool,14.160444,77.620909
595859,Yerraguntapalli,Kurnool,14.88179,77.933604
595447,Balaji nagar | Kurnool,Kurnool,15.795433,78.03389
594401,Nehru Auto Nagar | Kurnool,Kurnool,15.83197,78.00649
593488,BADI BEEDH,Kurnool,15.8226,78.0514
595881,Kallukunta,Kurnool,15.75793,77.324699
596078,Lakshmipuram|Hindupuram,Kurnool,13.8082,77.50141
596320,V|V Nagar| Guntakal,Kurnool,15.18078,77.37891
596811,Gudiselapalli,Kurnool,14.8517,76.9339
595979,Gondiparla,Kurnool,15.825455,78.073926
596246,Yallakora Estate |Sree Rama Nagar|,Kurnool,15.79574,78.06509
597010,Khadak Pura |Kurnool,Kurnool,15.829848,78.049006
597057,Boyala Kuntla | Chennuru,Kurnool,15.39262,78.579
597259,Sripathi Rao pet,Kurnool,15.89928,78.62665
597508,Mohammadabad | Sunnampalle,Kurnool,13.978907,78.027753
597467,Sunnapugutta Thanda,Kurnool,14.1014,78.1552
597442,KOTHACHERUVU_4,Kurnool,14.182789,77.76632
565169,CK Pally,Kurnool,14.40797,77.71101
563091,Sri Venkateshwara nagar,Kurnool,15.80305,78.03392
563112,KURNOOL-BSC (Kallur Village),Kurnool,15.82623,78.01321
563143,Azar Nagar - Ar,Kurnool,14.68392,77.58256
505573,"Market Yard, Kurnool",Kurnool,15.82469,78.03143
526727,"Ysr Nagar,Nandhyala",Kurnool,15.50471,78.46843
503124,Somisetty Nagar-kurnoo,Kurnool,15.805889,78.051245
599377,Karnatakanagepalli|ULS,Kurnool,14.169326,77.820624
598931,Untakal,Kurnool,14.98776,76.96226
599251,Near Sree Balaji seeds| Penukonda|ULS,Kurnool,14.09165,77.59531
599534,Kothacheruvu| Ananthapur|ULS,Kurnool,14.19084,77.76678
599223,Near Bharat gas|  Garladinne|ULS,Kurnool,14.82416,77.59719
480219,Bathalapalli|ULS,Kurnool,14.51518,77.76787
480431,Lalitanagar| Nandyala|ULS,Kurnool,15.46603,78.49071
481307,Near Sri Abhaya Anjineya Swamy Temple| Gooty|ULS,Kurnool,15.10637,77.63502
481315,Sanjay Nager|ULS,Kurnool,14.41456,77.72239
599052,|Kona Uppapapadu,Kurnool,15.09784,77.8951
481114,Anantapuram|ULS,Kurnool,14.12531,76.97217
481115,MadakasiraIULS,Kurnool,13.93068,77.26868
481147,Snehalatha Nagar|ULS,Kurnool,14.00925,77.59867
481154,Mukkamalla,Kurnool,15.16433,78.25704
481027,Budidapadu,Kurnool,15.74703,77.90596
481028,Kottala| Markapuram,Kurnool,15.74116,77.93953
481853,Penukonda|ULS,Kurnool,14.08307,77.59949
597447,Kallur Industrial Estate,Kurnool,15.807732,78.032328
480985,Agraharam|Bukkapatnam,Kurnool,14.25578,77.95406
494756,KRISHNA TEJA FUNCTION HALL,Kurnool,15.22492,78.32268
495311,Excise Colony Road|ULS,Kurnool,14.674168,77.604022
495308,Near HNTU Road|ULS,Kurnool,14.652361,77.610769
495307,Ferrer Nagar|ULS,Kurnool,14.647903,77.614335
495309,Near Alluri Mansion|ULS,Kurnool,14.665227,77.583657
665520,Gandhi Nagar|Dharmavaram|ULS    ,Kurnool,14.41833,77.71954
563078,Nandikotkur,Kurnool,15.85616,78.26837
563071,Kurnool-1,Kurnool,15.82471,78.01854
563082,Pattikonda,Kurnool,15.3934,77.50055
505721,Uravakonda,Kurnool,14.95039,77.26035
505722,Gooty,Kurnool,15.11882,77.63895
505767,Madhavaram,Kurnool,15.93637,77.35243
456200,Anantapur,Kurnool,14.677889,77.600278
562922,Yadiki,Kurnool,15.04934,77.86994
562910,Parigi,Kurnool,13.8906,77.46444
562909,Mudigubba,Kurnool,14.35085,78.00035
562912,Yellanur,Kurnool,14.70142,78.07064
563069,Orvakal,Kurnool,15.6849,78.1757
565110,RF Road-Tadipathri,Kurnool,14.90984,77.99721
565178,Rayalacheruvu,Kurnool,15.05543,77.81628
562958,Pamidi,Kurnool,14.95006,77.59145
562892,Kamalapadi (Rep),Kurnool,15.05993,77.40407
568712,YEMMIGANUR,Kurnool,15.7674,77.4902
445005,PALYAM,Kurnool,14.91698,77.47282
563079,Nandyal-1,Kurnool,15.48576,78.48568
562916,Hindupur - 2,Kurnool,13.82077,77.48973
505789,Settur,Kurnool,14.44656,76.98183
445006,PINNADARI,Kurnool,14.58177,77.81994
445021,BODIGANIDODDI,Kurnool,14.74112,77.68359
495317,Lakshmi Nagar|ULS,Kurnool,14.415096,77.711267
494942,Near Andhra Pragati Grameena Bank,Kurnool,14.08826,77.59545
564284,Addhanki,Tirupathi,15.80779,79.97511
564299,Chirala 1,Tirupathi,15.82703,80.35325
564300,Chirala 2,Tirupathi,15.78479,80.30645
564308,Chinna Gunjam,Tirupathi,15.69811,80.2389
564305,juvikunta (Rep),Tirupathi,15.44122,79.72215
564285,Ongole-4,Tirupathi,15.5066,80.0334
564291,Kalavakuru,Tirupathi,15.86661,79.99511
564293,Eepurupalem,Tirupathi,15.85219,80.38308
564296,MVS Reddamma,Tirupathi,15.50479,80.04292
564295,Kopperapadu,Tirupathi,15.93694,79.95858
564368,Chirala-Church Road -2,Tirupathi,15.83506,80.35784
564288,Mini bypass-ongole,Tirupathi,15.50873,80.05286
564359,Ongole,Tirupathi,15.49286,80.04914
564365,RAM NAGAR (Ongole),Tirupathi,15.4849,80.04997
564316,Jammulapalem (Rep),Tirupathi,15.34578,80.01851
564360,Darsi-2,Tirupathi,15.77531,79.6872
564317,Chirala Church Road,Tirupathi,15.82915,80.36016
564887,GIDDALURU  R.T.C BUSSTAND,Tirupathi,15.37952,78.93404
564891,GIDDALURU POLICE STATION ,Tirupathi,15.3753,78.92274
564302,Chirala 3,Tirupathi,15.81064,80.3358
564900,ONGOLE TRUNCK ROAD,Tirupathi,15.49665,80.0487
564898,PERNAMITTA-2,Tirupathi,15.53901,79.99919
564899,Opp. Aditya Public school,Tirupathi,15.51194,80.03883
565150,ALLAKORUPADU,Tirupathi,15.36561,80.0668
564364,Addanki HW,Tirupathi,15.80446,80.03993
505777,Pedaganjam,Tirupathi,15.642951,80.215268
505778,Nagam Botla Palem,Tirupathi,15.684025,79.816479
505794,Mutyalapadu,Tirupathi,14.995977,79.809429
505795,Tarlupadu,Tirupathi,15.658896,79.219528
505796,Konidena,Tirupathi,16.016152,80.05963
505797,Dronadula,Tirupathi,15.914086,80.148547
505809,Bodduvanipalem,Tirupathi,15.742391,80.010631
505811,Thimmasamudram,Tirupathi,15.788608,80.245273
523389,Dornala-Ii Bsnl ,Tirupathi,15.90749,79.08581
523665,Martur-Ii (Bsnl),Tirupathi,15.98467,80.10373
503271,Ongole-4,Tirupathi,15.503662,80.037374
503525,Darbar Road ,Tirupathi,15.824671,80.351899
530316,Sanikavararm,Tirupathi,15.90061,79.1721
530242,Naladalapur,Tirupathi,15.13012,79.83605
445217,MARRI PALEM,Tirupathi,15.66536111,79.41827778
445218,POTHA KAMURU,Tirupathi,15.74252,79.77142
445219,BALLI PALLE,Tirupathi,15.2478,79.4652
445220,HUSSAINPURAM,Tirupathi,15.34475,79.41069444
445221,PEDAGOGULAPALLE,Tirupathi,15.25911111,79.31577778
445223,GURAVAJIPETA,Tirupathi,15.22905556,79.39897222
445224,KUKKATLAPALLI,Tirupathi,15.96538,79.92814
445225,MOKSHAGUNDAM,Tirupathi,15.45684,79.06856
445226,PEDAGOLLAPALLY,Tirupathi,15.48175,79.33822222
445227,PUNURU,Tirupathi,15.93672,80.17352
445229,PURIMETLA,Tirupathi,15.88548,79.84269
445230,CHILAKAPADU,Tirupathi,15.47271,79.90279
445231,"CHINTAKUNTA,PRAKASAM",Tirupathi,15.72245,79.21095
445232,GAJJALAKONDA,Tirupathi,15.75242,79.39337
445234,CHANDALURU,Tirupathi,15.80252,79.59447
445235,PEDDAIRLAPADU,Tirupathi,15.204,79.58496
445236,SANIKAVARAM,Tirupathi,15.90036,79.17079
445237,ILLAPAVULURU,Tirupathi,15.68096,79.91977
445238,PAMIDIPDU,Tirupathi,15.71602778,80.11116667
445239,CHAPALAMADUGU,Tirupathi,16.07356,79.37637
445243,KOTHAKOTA,Tirupathi,15.32205,78.85918
445244,MUTUKULA,Tirupathi,16.162208,79.53175
445245,ISUKATRIPURAVARAM,Tirupathi,16.08502,79.50185
445248,CHENNUPALLE,Tirupathi,16.01436111,80.0025
445249,RUDRAVARAM,Tirupathi,15.60176,79.96154
445250,CHOLAVEDU,Tirupathi,15.52766,78.94287
445251,"GUDIPADU,PRAKASAM",Tirupathi,15.79429,79.52139
445252,KAMEPALLE,Tirupathi,15.4619,79.4042
445254,NAGULAVARAM,Tirupathi,15.3779,79.26701
445255,ARDHVIDU,Tirupathi,15.67537,78.95387
445256,"CHIRALAENGINEERINGCOLLEGE,RAMAPURAMBEACHROAD",Tirupathi,15.78873,80.37226
445257,Arogya hospital,Tirupathi,15.53384,80.05436
581450, Chinapavani,Tirupathi,15.02547,79.8215
582456,Kalanikhetan show room,Tirupathi,15.50664,80.03636
583058,Rk Puram Chirala,Tirupathi,15.81582,80.34791
582885,Singarayakonda 2- Relo,Tirupathi,15.24914,80.02312
583699,Singarayakonda 2- Relocation,Tirupathi,15.2444,80.02387
584302,Maguta_Rd_ Ongole,Tirupathi,15.50311,80.05293
586103,Pernamitta_airtel,Tirupathi,15.53103,80.01423
586094,Amodagiripatnam,Tirupathi,15.80167,80.32872
589029,Kandukur,Tirupathi,15.42073,79.99568
589612,Muntha vari Centre|Chirala,Tirupathi,15.82962,80.352939
590022,Ramapuram Beach Rd| Kothapeta| Chirala,Tirupathi,15.81197,80.36219
590021,Housing Board Colony_Ongole,Tirupathi,15.48983,80.03758
592081,Karlapadu Road,Tirupathi,15.72532,79.26361
590157,NTR Nagar|ILTD Colony| Chirala,Tirupathi,15.83082,80.37763
592285,Katari Palem | Chirala,Tirupathi,15.76574,80.35382
593356,Yadavalli,Tirupathi,15.47085,79.53791
593345,Gundla Samudram,Tirupathi,15.55612,79.64901
595321,Near MRO office | Chimakurthy|,Tirupathi,15.58136,79.86862
595483,Peda Mopadu,Tirupathi,15.1672,79.89179
597831,Srisailam Rd |Gurije Palle,Tirupathi,15.97178,79.31875
597433,Bollapalli |Thativaripalem,Tirupathi,15.8796,80.089739
598285,Singamnenipalle,Tirupathi,15.155109,79.8506
564363,Marthandal Highway,Tirupathi,15.9411,80.0824
530687,Vulapodu-Chagallu,Tirupathi,15.1116,80.0075
564310,Pottipalli (Rep),Tirupathi,15.36889,79.035
505776,Voletivaripalem,Tirupathi,15.16953,79.73444
599373,Vinukonda | Darsi Rd|ULS,Tirupathi,15.771551,79.68195
599579,Ravuri Somaiah Nagar| Tangutur|ULS,Tirupathi,15.34247,80.03263
480709,David Colony| Martur|ULS,Tirupathi,15.99011,80.10227
480711,Sujatha Nagar| Ongole|ULS,Tirupathi,15.51838,80.02393
481145,Near Poleramma Temple| Burepalli|ULS,Tirupathi,15.68454,80.02085
480981,Edlurupadu,Tirupathi,15.2264,79.8348
481098,Podili Rd| Kondapi|ULS,Tirupathi,15.41339,79.85393
481312,Balija Palem| Addanki South U|ULS,Tirupathi,15.80595,79.97255
481317,Martur|Praskasam |ULS,Tirupathi,15.98571,80.10915
481358,Beach road| Ethamukkala|ULS,Tirupathi,15.35924,80.11056
481277,Gangavaram| Prakasam,Tirupathi,15.81213,80.16444
564297,Gayatri Nilayam CSA + Cell,Tirupathi,15.50132,80.04865
564315,cunbum,Tirupathi,15.5803,79.10745
564311,obyapalli (Rep) ,Tirupathi,15.65479,79.33863
564901,Bhagyanagar,Tirupathi,15.4937,80.0436
505774,Veligandla,Tirupathi,15.341905,79.346307
522613,Uppumaguluru,Tirupathi,16.076356,80.065798
523444,Kanigiri-Iii Bsnl ,Tirupathi,15.40634,79.50142
564290,Konakanametla,Tirupathi,15.6495,79.4906
564301,Markapuram,Tirupathi,15.73925,79.27008
564306,Kandukuru,Tirupathi,15.21784,79.90472
564309,Podili,Tirupathi,15.60406,79.61092
564312,Giddalur,Tirupathi,15.37608,78.92858
564286,Parchuru,Tirupathi,15.96434,80.27712
576114,Saroj mayuri-Theatre(ongle),Tirupathi,15.51053,80.04573
564314,Kanigiri,Tirupathi,15.3994,79.5052
505775,Jarugumilli,Tirupathi,15.312725,79.990564
505810,Marripudi,Tirupathi,15.512762,79.651203
445222,CHIRRIKURA PADU,Tirupathi,15.3127,79.919
445228,NALADALAPUR,Tirupathi,15.13018,79.83626
445240,BOTLAGUDURU,Tirupathi,15.0857,79.5245
445241,VALLAYAPALEM,Tirupathi,15.51135,79.70116
445242,NAGARAJU GUNTA,Tirupathi,15.65365,79.52149
445246,VISWANADHAPURAM,Tirupathi,15.95712,79.3956
445247,PEDDAALAVAPADU,Tirupathi,15.36555,79.57887
445253,POTLURU,Tirupathi,15.04756,79.94812
564774,Palvancha,Warangal,17.60003,80.69985
564754,Khammam - 1,Warangal,17.24554,80.14095
564041,BRAHMANAWADA,Warangal,18.00471,79.57778
563975,KARIM NAGAR     1,Warangal,18.43533,79.13474
564026,KARIM NAGAR     2,Warangal,18.43805,79.1154
564024,KARIM NAGAR     3,Warangal,18.44755,79.12554
563982,Vemulawada-2,Warangal,18.47579,78.85733
564760,Vdos colony,Warangal,17.25585,80.1544
563998,8th Incline,Warangal,18.68501,79.52756
564369,Madhira,Warangal,16.92589,80.36543
563918,ASHOKAHOTEL NEW,Warangal,18.01207,79.56631
563980,Karimnagar-6,Warangal,18.44258,79.1328
564027,Karimnagar-7,Warangal,18.44587,79.11667
563974,Karimnagar-8,Warangal,18.43822,79.12785
564756,Khammam-4,Warangal,17.24859,80.14806
564757,Khammam-5,Warangal,17.23465,80.13673
563916,Sherpura,Warangal,17.9833,79.5964
564758,manugur,Warangal,17.94045,80.81544
564747,Kothagudem-2,Warangal,17.52274,80.63316
564055,Manchiryal-2,Warangal,18.88197,79.44853
563928,Sangam,Warangal,17.88453,79.71046
563931,Atmakur Warangal,Warangal,18.07383,79.73522
563937,Narasampeta,Warangal,17.92812,79.88972
563939,Nekkonda,Warangal,17.7977,79.80448
564063,Mamda,Warangal,19.07917,78.5216
564765,SUDIMALLA,Warangal,17.5763,80.33966
564054,Naspur (CCC X Road),Warangal,18.85717,79.49069
531442,Siddatha Nagar,Warangal,17.98373,79.52052
564056,ACC Cement,Warangal,18.89188,79.44022
564078,Adilabad (Shanthi nagar),Warangal,19.66641,78.54167
564057,Asifabad-2,Warangal,19.35859,79.29556
564768,Bayyaram,Warangal,17.56746,80.10157
564068,BELLAMPALLY2,Warangal,19.0729,79.48773
563902,Bhimaram village,Warangal,18.02913,79.54286
564767,Bonakal X road,Warangal,17.24021,80.14439
564010,RPt_Maddutla,Warangal,18.71332,78.89664
564759,Rotory Nagar,Warangal,17.24496,80.17171
563987,Godavarikhani-3,Warangal,18.7698,79.50461
563966,Jyothi Nagar,Warangal,18.44142,79.12254
563873,Karim Bagh,Warangal,17.96375,79.59293
563997,Karimnagar Road,Warangal,18.78703,78.91368
564012,Metapalli (Dabbawada),Warangal,18.85082,78.62306
564059,Luxipeta-2,Warangal,18.88383,79.20626
532984,Palvancha 2 (Beside Netaji Degree College),Warangal,17.60472,80.69867
563948,MAMNUR( IDEA),Warangal,17.90609,79.59292
564067,MANJULAPUR,Warangal,19.0896,78.32771
564035,Matewada,Warangal,18.01119,79.61948
563876,MGM Hospital,Warangal,17.99049,79.59515
563903,Narayan Nagar,Warangal,18.04922,79.53091
563911,NGO'S Colony Warangal,Warangal,18.01098,79.54942
563936,Parkala,Warangal,18.1999,79.70305
564000,Peddapally-2,Warangal,18.61702,79.37173
564075,PONNARI,Warangal,19.6763,78.48388
564003,Narsingapuram,Warangal,18.76189,78.91381
564029,Ramnagar KRMNG,Warangal,18.43987,79.10728
563901,Sagar wada,Warangal,18.01688,79.55853
563965,Sapthagiri Colony,Warangal,18.43133,79.11362
563879,Shanti Nagar (Wgl),Warangal,17.98087,79.61367
564107,Shivaji Nagar Karimnagar,Warangal,18.45054,79.13449
565201,Station road KHMM,Warangal,17.24969,80.13454
564025,Sultanbad-2,Warangal,18.52528,79.30974
531424,MORAMPALLI-Rep,Warangal,17.62983,80.81055
563972,VEDURU GATTA,Warangal,18.55337,79.20483
564763,Wyra-2,Warangal,17.1994,80.35014
564001,Markendaya colony,Warangal,18.75639,79.50615
564002,Manthani,Warangal,18.65358,79.6665
563950,Jammikunta-2,Warangal,18.28373,79.47231
563978,Bollmakal Road-UNITECH,Warangal,18.4348,79.1473
564070,Village Mandhamarri-UNITECH,Warangal,18.9941,79.46201
573270,Kudali,Warangal,17.327111,80.13551
563979,Kanapura,Warangal,18.44114,79.14069
564780,Komatlagudem (Rep),Warangal,17.49503,80.36274
564009,Rpt_Jallaran,Warangal,18.7192,79.5902
564066,Khanapur (Gandhi Nagar),Warangal,19.05262,78.64867
564082,ADILABAD-Dwaraka Nagar,Warangal,19.67,78.5304
564033,MUKARAMPURA,Warangal,18.43677,79.12187
563930,Nr Darga,Warangal,17.9571,79.59364
564071,Mandamarri-3,Warangal,18.98937,79.4729
564060,LAKSHETTI PET,Warangal,18.89591,79.20642
563976,Area GovtHospital Krmngr_2,Warangal,18.44084,79.12834
564017,VEMULAWADA (R),Warangal,18.47326,78.86128
564015,BHOOPATHIPURAM,Warangal,18.91042,78.80383
564064,Jummarathpet,Warangal,19.10653,78.34612
564777,Chandrapatla,Warangal,17.17576,80.5543
564779,Dhamsalapuram,Warangal,17.17765,80.16618
564778,Sattupalli (Hanuman Nagar),Warangal,17.20504,80.84839
563910,Ekashila Nagar -WGL,Warangal,17.9661,79.58719
563877,Keerthi Colony Warangal,Warangal,17.97853,79.62559
563929,PUNNEL,Warangal,17.90778,79.63103
563952,Huzurabad-2,Warangal,18.20822,79.39473
563938,Warangal Road,Warangal,17.92523,79.88144
564018,Sri Nagar Colony (KRMNG),Warangal,18.76144,79.49703
564031,Malkapur,Warangal,18.46668,79.07566
564781,S_AP_TALA_EXP_1_MALLAVARAM,Warangal,17.21149,80.41677
563915,Nayeem Nagar,Warangal,18.02083,79.55014
564048,Dornakal-Raju Thanda,Warangal,17.42778,80.1508
563906,Beemaram,Warangal,18.03134,79.54068
564871,Jayalakshmi Centre,Warangal,17.93004,79.89791
564866,Warangal (Kothur janda),Warangal,18.0149,79.56744
564875,Hanumakonda 2 (Madikonda),Warangal,17.96633,79.48904
564863,WARANGAL (Khilawarngal),Warangal,17.95487,79.62743
564867,Geetha Nagar,Warangal,17.72859,79.15083
564020,Chinna Kapavaram,Warangal,18.83797,78.6504
564869,Nakkalagutta,Warangal,17.99996,79.55078
572755,Chinthakunta,Warangal,18.45747,79.09256
564872,New Bazar - Mahabubabad ,Warangal,17.59437,80.0011
564874,MUKARRAMPURA,Warangal,18.43267,79.12514
564861,POST OFFICE - WGL,Warangal,17.97622,79.60183
565103,DESAIPET - WARANGAL,Warangal,17.99902,79.61436
565163,Palavancha-3,Warangal,17.59777,80.69592
569910,Parkal-2,Warangal,18.20134,79.69986
530698,PEDDAKORPOLU,Warangal,17.74962,79.84975
531439,Goakul nagar,Warangal,18.00518,79.54889
530684,GOPALAPURAM,Warangal,18.02413,79.54393
531681,Kumarpally,Warangal,18.0095,79.57214
564046,BSC05-WARANGAL,Warangal,17.98805,79.60192
564016,APPANAPET,Warangal,18.64664,79.39124
572081,NEAR IDEAL SCHOOL,Warangal,18.42929,79.15136
572660,Sadashiva Palli,Warangal,18.40943,79.16898
565105,RTC colony,Warangal,18.45917,79.11777
565102,Rpt_Ponna ,Warangal,19.42397,78.5205
576089,Mayuri center- Khammam,Warangal,17.25249,80.13935
576955,GANDHI CHOWRASTA,Warangal,18.29036,79.47472
576982,MULUGU ROAD,Warangal,18.00767,79.59447
576923,BAVANARUSHI-NAGAR,Warangal,18.3873,78.81108
577710,R K PURAM T/E,Warangal,18.93696,79.46597
577708,VIDYANAGAR,Warangal,18.88111,79.49717
577709,Kyatanpalli,Warangal,18.92786,79.47749
577711,Kakathiya colony,Warangal,18.44221,79.85356
577830,Endapalle-5257,Warangal,18.77454,79.1838
577707,CISF Gate,Warangal,18.85518,79.51726
577748,Rudrumpur,Warangal,17.48478,80.65305
577706,Tillak Nagar,Warangal,18.73141,79.5152
577831,Muttaram,Warangal,18.51825,79.62233
577749,Scclbazar,Warangal,18.75326,79.51624
505686,Mancherial,Warangal,18.895408,79.442376
505555,Ratnapur,Warangal,18.628867,79.552146
505575,Vijay Nagar,Warangal,18.744162,79.511011
505597,Yukall,Warangal,17.670297,79.664119
505694,J P N Road(Warangal),Warangal,17.981009,79.599199
505609,Indurthi,Warangal,18.225614,79.135955
505698,Brahmanawada,Warangal,18.002248,79.571657
505619,Ippagudem,Warangal,17.767062,79.376383
505626,Narsihulapet,Warangal,17.508493,79.803642
505699,"Warangal ""x"" Roads",Warangal,17.243556,80.108458
505644,VEENAVANKA,Warangal,18.347756,79.418746
505729,Kothagudem - 3,Warangal,17.560129,80.618002
505730,Palvancha - 3,Warangal,17.597127,80.709381
505731,Badhrachalam - 3,Warangal,17.662503,80.892656
505732,Madhira - 2,Warangal,16.918793,80.362662
505734,"Advocate Colony, Hanumakonda",Warangal,17.997677,79.556869
505736,"Christian Colony, Karim Nagar",Warangal,18.443073,79.12741
505738,"Kotirampur, Karim Nagar",Warangal,18.419925,79.133877
505662,SAMATHSINGARAM,Warangal,17.917065,80.795227
505747,Damsulapuram,Warangal,17.204926,80.152763
505749,Warangal fort-WRL,Warangal,17.955794,79.624224
505750,MCHL-IB road,Warangal,18.874244,79.443059
505761,Samudralingapur,Warangal,18.380127,78.590802
505764,Mahadevpur,Warangal,18.730934,79.983175
505765,Kodakandla,Warangal,17.531999,79.502534
505783,Chinthakani,Warangal,17.123102,80.206035
505792,Chigurumamidi,Warangal,18.238924,79.199614
505793,Koheda,Warangal,18.168444,79.095579
505807,Gambirraopet,Warangal,18.303585,78.572888
505830,Nallabelly,Warangal,18.043478,79.863979
505833,Malyal,Warangal,18.704543,78.940267
505851,Nayakangudem,Warangal,17.19731,79.888528
503154,Medaram,Warangal,18.318893,80.237772
505861,Yerragunta,Warangal,17.323592,80.695987
505862,Lakshminagaram,Warangal,17.846033,80.899283
505863,Tadvai,Warangal,18.234911,80.315933
521813,Greeenwood College  ,Warangal,17.983136,79.577639
523214,Khammam 7.5 ( Karunagiri Area),Warangal,17.26746,80.1277
523213,Bhadrachalm 7.2,Warangal,17.67304,80.88957
523863,Hanuman Bashti - Delight Site ,Warangal,17.55246,80.62782
523695,Papakollu (Bsnl),Warangal,17.41893,80.47374
523773,Palvancha7.1(Peddammagudi - Bsnl) ,Warangal,17.60612,80.74506
523885,Mamatha Hospital - Bsnl ,Warangal,17.23875,80.158544
523694,Kothagudem (Bsnl),Warangal,17.56471,80.62421
523884,Jagityal (Thahsil Chourastha) ,Warangal,18.79721,78.91824
523772,Aswaraopeta-2 (Bsnl)  ,Warangal,17.24908,81.13132
524510,Sathuaplly 7.1( Police Station- Bsnl) ,Warangal,17.21251,80.8166
503827,Peruvancha,Warangal,17.1705,80.58714
525226," Ashoka Theater, Hanumakonda",Warangal,18.00855,79.56625
525412,Manugonda,Warangal,17.98847,79.71364
525906,Malakpalle - Airtel,Warangal,17.90237,79.48857
503867,Patwarigudem,Warangal,17.345227,80.962046
525697,Jagasagar,Warangal,18.7794,78.6197
525684,Karakavagu,Warangal,17.61347,80.68324
525251,Hanuman Chintavari Industries,Warangal,19.67996,78.52075
526050,Ramanjaneeya Colony,Warangal,17.54205,80.60621
526459,Kishanpura -Uninor,Warangal,18.01404,79.56133
526295,Mathwada,Warangal,17.98818,79.59604
526048,Allipuram - Khammam,Warangal,17.20462,80.19135
526728,Raju Hotel- Warangal,Warangal,17.99307,79.557
503151,BAPANAGUNTA,Warangal,17.955311,80.817966
523278,Annargudem,Warangal,17.26237,80.43649
526994,Peruru,Warangal,18.53254,80.39508
526725,Julywada -Warangal,Warangal,17.98497,79.54694
527854,Rampur Industrial Area,Warangal,19.68419,78.50213
529067,Udayagiri,Warangal,19.6577,78.52937
527836,Hanmaipet,Warangal,18.50126,78.80225
529911,Varsha konda,Warangal,18.9118,78.53416
529931,Teegalagutta Palli,Warangal,18.46704,79.1348
529901,"Adarshnagar, Korutla",Warangal,18.82855,78.69749
530482,"Near Shathavahana University, Jyothinagar",Warangal,18.44844,79.1078
530587,Ratory Nagar,Warangal,17.24537,80.17546
530507,Sujathanagar Kothagudem,Warangal,17.48333,80.56908
578385,Near Kazipura,Warangal,17.24709,80.14288
530586,Raipura-Back side of Amrutha Theater,Warangal,18.00736,79.57746
529420,Pump Well Road,Warangal,17.24319,80.13406
530655,kellapally (Airtel),Warangal,18.27571,79.00224
530653,Kesireddypally,Warangal,17.84195,79.09599
530553,Kapuwada (Airtel),Warangal,18.42766,79.14406
578377,Potial,Warangal,18.79958,79.35359
530213,Tilak Nagar-Airtel New,Warangal,19.6824,78.53172
578287,Anishettypalli,Warangal,17.57336,80.5811
578363,Near Nekkonda Rjio,Warangal,17.76988,79.82611
578712,Kothirampur_Relocation,Warangal,18.420931,79.136139
530591,Venkatpram Siricilla,Warangal,18.36385,78.73307
529899,Shanthinagar -BSNL,Warangal,18.39397,78.81509
579546,Appalraopeta,Warangal,17.76211,79.80689
579456,Peddakalvala,Warangal,18.57519,79.36256
579454,Bagath nagar,Warangal,18.424604,79.117584
579486,Raghavapuram,Warangal,18.639051,79.408188
579432,Rajapur - Jio,Warangal,18.319767,79.352715
579517,Sarvaram,Warangal,18.545785,79.60147
580624,Baopet Karimnagar,Warangal,18.432188,79.012695
530656,Kunaram,Warangal,18.52833,79.49031
530481,Jangoan ZPSS Scholl,Warangal,18.77201,79.52435
580874,"Shivaji Nagar, Karimnagar",Warangal,18.445026,79.112617
579573,SUNDILLA_Karimnagar,Warangal,18.752878,79.552353
580927,Ramnagar_wgl,Warangal,18.01087,79.55351
580936,Sai Ganesh Colony(Kashibugga),Warangal,17.98589,79.61971
581109,Lakshmi nagar,Warangal,18.42082,79.14364
579547,Sai Nagar_Jangaon,Warangal,17.71494,79.155527
580919,Bodu Village,Warangal,17.675359,80.442741
465570,Nava bharath,Warangal,17.57213,80.66505
465705,Orient cement,Warangal,17.40313,78.47039
581981,Kotilingala,Warangal,18.860453,79.197418
581458,Srinivasa Nagar-Idea,Warangal,17.23301,80.14093
582230,"Venkatapur, Karimnagar",Warangal,18.815975,78.749832
581979,Mandepalle,Warangal,18.35873,78.79243
581957,Enkuru (Relocation Site),Warangal,17.33148,80.44187
582084,Yellandu (M + OG),Warangal,17.59076,80.32998
582853,"Malkapur Road, Vidyanagar",Warangal,18.44894,79.113876
582423,Lakshmidevipalle,Warangal,17.6115,80.70371
582565,Yousufnagar,Warangal,18.860733,78.673279
582898,Vasavi Garden,Warangal,19.336519,79.475655
582566,Ramachandrarao Banjar,Warangal,17.21232,80.67909
583022,Yarragutapalli,Warangal,19.001808,79.460403
584020,Jangaon_wgl,Warangal,17.717579,79.16946
583994,Subbayapalli_wgl,Warangal,18.01048,79.49966
581980,Jawaher Goni,Warangal,17.58261,80.33716
582931,Kommagudem,Warangal,17.58888,80.69791
584048,Tharalapalle_wgl,Warangal,17.94192,79.50131
581983,Gumudur,Warangal,17.60176,80.00704
582504,Near Warangal Railway Station_Relocation,Warangal,17.9717,79.60849
584838,Kumarapalle,Warangal,18.00502,79.54948
584709,Bank Colony_airtel,Warangal,17.99232,79.6019
582598,CHINTHIRYLA,Warangal,17.7928,80.84515
585681,Surya Nagar-khammam,Warangal,17.26049,80.11427
586264,Chintakunta_Karimnagar,Warangal,18.446731,79.073765
586369,Gandhi Park_airtel,Warangal,19.09069,78.34412
584574,Warangal Thimmapur,Warangal,17.9365,79.59735
585392,Gopalapuram_airtel,Warangal,18.02634,79.53808
585390,Rajaji Nagar_airtel,Warangal,18.01276,79.54993
586105,APHB Colony_airtel,Warangal,19.648528,78.513278
585145,Chowrastha Hnk,Warangal,18.0067,79.57488
585256,Vidya Nagar-Hanmakonda,Warangal,18.01673,79.54732
585389,Diesel Colony_airtel,Warangal,17.9683,79.49248
585549,Bheearam,Warangal,18.03581,79.53862
585764,Kranthi Nagar_airtel,Warangal,19.6842,78.5355
585685,Pittalawada,Warangal,19.653059,78.526691
586738,Mallavaram_Tallada,Warangal,17.22727,80.41032
584827,Danavyagudem,Warangal,17.27024,80.13736
585568,Sri Nagar Colony_airtel,Warangal,18.01516,79.54233
587107,Tarakarama Nagar,Warangal,18.746222,78.914389
587447,"Timmapur,Karimnagar",Warangal,18.354747,79.162846
587672,Susheel Theater Street,Warangal,17.98223,79.59048
587593,Katnapally,Warangal,18.512697,79.280998
586108,Tekulapalli_airtel,Warangal,17.24891,80.18319
587804,"Hanuman Temple,Naspur",Warangal,18.86532,79.493919
588236,Mamidalapalle,Warangal,18.41914,79.33695
588233,Cherlabuthkur,Warangal,18.503058,79.202143
588375,Chittapur,Warangal,18.888942,78.698294
588438,"Mukarampura, Karimnagar",Warangal,18.433085,79.122128
588131,Madhapur (Raikal Road),Warangal,18.853978,78.74745
588259,Uppara Mallial,Warangal,18.53307,78.98988
588262,Gangaram,Warangal,18.365857,79.335106
588100,Regunta,Warangal,18.93341,78.76461
588260,GAYATRI TEMPLE_Mancherial,Warangal,18.900171,79.459634
583081,Navayuga Colony,Warangal,17.99628,79.60858
583913,Thumbur,Warangal,17.15104,80.86592
588981,Madhupalli Village,Warangal,16.92388,80.331322
585259,Kadipikonda_airtel,Warangal,17.96401,79.50754
589028,Mankapur Narsapur,Warangal,19.352694,78.501904
588947,Sapthagiri Colony|Karimnagar,Warangal,18.41914,79.123213
589542,"Gadderegadi, Mancherial",Warangal,18.91039,79.445064
589952,"Aipl-Petrol Pump,Lb Nagar,Kasibugga",Warangal,17.988617,79.617898
590016,Shanti Nagar| Kazipet,Warangal,17.969132,79.499188
590927,Jhalli | Chennaraopet ,Warangal,17.846276,79.859724
586951,Shiva Nagar_airtel,Warangal,17.96599,79.60287
589114,Old Beat Bazar|Jangaon,Warangal,17.7235,79.15402
590023,Shambunipet,Warangal,17.952259,79.600461
591032,Kasimdevipet | Hanamkonda,Warangal,18.160368,79.992367
588101,Potharam (S),Warangal,18.122998,79.228033
590926,Chapala Band | Mandapalle,Warangal,17.936495,79.792547
591277,Dhadnnasari | Kesamudram,Warangal,17.705697,79.916547
591033,Vinayak Nagar | Hanamkonda,Warangal,18.0189,79.5654
591813,Bus Depot,Warangal,18.323851,80.421011
591706,Nagarjuna Colony,Warangal,18.87049,79.4799
591922,Karimnagar,Warangal,18.429915,79.145377
592577,Kompalle| KTPP Area Hospital,Warangal,18.385952,79.840967
590024,Anand Nagar| Bheemaram,Warangal,18.031615,79.544377
591924,GANESH TEMPLE RD,Warangal,17.557461,80.612683
592856,Near Baraq church,Warangal,17.828895,80.829028
592084,BAYYARAM CSI CHURCH,Warangal,17.575253,80.107924
593239,Potharajupalli,Warangal,17.970619,79.661964
593278,Waddekothapalle,Warangal,17.517896,79.562854
593318,DoctorsColony_Warangal,Warangal,17.992135,79.605485
593340,Rachapalli,Warangal,18.354825,79.538743
593194,Chennur,Warangal,17.59818,79.426251
594038,Kuruchapalle|,Warangal,17.791269,79.350298
593738,Mallur,Warangal,18.218048,80.563738
582883,Borgam,Warangal,19.349848,79.469246
593487,Dornakal,Warangal,17.441189,80.156666
594062,Khamna,Warangal,19.4627,79.336973
594065,Devpur,Warangal,19.614374,78.458768
588132,Bornapalli,Warangal,18.205149,79.37914
594063,Dadpapur,Warangal,19.35155,79.24854
594673,Pippalkhoti | Adilabad,Warangal,19.74817,78.4668
594642,Sri Ram Nagar | Jintal,Warangal,17.249043,80.10569
594844,Ambedkar nagar| Husnabad,Warangal,18.13149,79.20613
594632,Venkateshwara Rd |Mahabubabad,Warangal,17.590888,79.994577
594640,Andugulapally,Warangal,18.665579,79.41176
594445,Nisar Gutta | Korutla,Warangal,18.82439,78.690057
595358,Indurthi_Potkapalli,Warangal,18.41347,79.50165
594641,Mallampalle,Warangal,17.613863,79.517742
595076,Manukota Post Office |Mahabubabad,Warangal,17.59533,79.99002
595013,Mudigonda | Venkatagiri,Warangal,17.194529,80.102246
595010,Cherla (Z),Warangal,18.079871,80.827278
595361,Keslapur |Yamaikunta,Warangal,19.507554,78.654122
595595,Bethigal | Karimnagar,Warangal,18.306017,79.3959
594639,Near Railway Station | Jammikunta,Warangal,18.285493,79.477865
595505,Hanuman Basthi|Kothagudem,Warangal,17.556165,80.624267
595295,Gouthami Nagar Godavarikhani,Warangal,18.742026,79.497327
595991,Housing Borad Colony|Karimnagar,Warangal,18.425973,79.150847
595408,Takkallapalli|Gutrajupalle,Warangal,18.851215,78.98508
595343,Mallapur | Karimnagar,Warangal,18.3192,79.219057
595506,Fatheshapur|,Warangal,17.757923,79.224174
595598,Samathsingaram | Aswapuram,Warangal,17.887558,80.834232
595987,Venkatagiri |Gudimalla,Warangal,17.20445,80.12087
595602,Venkatraopeta,Warangal,18.080686,80.7171
595860,Laxmipuram | Khammam,Warangal,17.17027,80.12295
595740,Kothirampur|Karimnagar|,Warangal,18.41728,79.14159
595532,Brundavan colony | Jangaon|,Warangal,17.731379,79.148278
596104,Thimmapur|Ramannapeta,Warangal,18.57535,78.79848
596489,Anupuram New,Warangal,18.440726,78.878584
594633,Sri Nagar Colony |Velugumatla,Warangal,17.23255,80.18165
595686,Rajupeta Colony| Bhadrachalam,Warangal,17.677849,80.9051
595988,Madikonda,Warangal,17.947952,79.458007
595984,Hemachandrapuram| Kothagudem,Warangal,17.557381,80.598908
596683,VEMPALLE,Warangal,18.873982,79.413012
595430,Kundanpalli| Ramagundam,Warangal,18.75364,79.430862
596627,Eligaid |Pathipaka,Warangal,18.551845,79.24993
596615,Dharmaraju Palle,Warangal,18.1949,79.47022
596414,Seetaramapalle | Mancherial,Warangal,18.8458,79.48245
596430,NTR Nagar| Rampelli,Warangal,18.577883,79.410207
595503,Nawabpet|Ramakistapur T,Warangal,18.343805,79.65412
595297,Pandurangapuram| Khammam,Warangal,17.274862,80.176935
596742,Pathamarket |Hasanparthy,Warangal,18.076261,79.526274
596701,Pasara,Warangal,18.199286,80.167278
596661,Gumudur |Mahabubabad,Warangal,17.612376,80.021824
596818,Mahbubabad_18,Warangal,17.604605,79.980522
597221,Madannapet,Warangal,17.968577,79.883021
596365,Gurrampalle |MAREDUGONDA,Warangal,18.55452,79.46364
597017,Tilak Nagar | Mancherial,Warangal,18.877237,79.464131
596709,Bethampudi,Warangal,17.56465,80.511483
596779,Srinivasa Nagar| Mulkanoor,Warangal,18.080727,79.35944
596740,Pedda Bonala,Warangal,18.401919,78.778053
596611,Koppur,Warangal,18.10788,79.3737
596684,Kothur |Julapalli RD,Warangal,18.66216,79.239342
596780,Chekkapally,Warangal,18.530087,78.852101
597196,Rajarampalli,Warangal,18.6755,79.10994
590922,Enumamula |  Warangal,Warangal,17.986354,79.626979
597090,Narasingapur,Warangal,18.336278,79.43073
597184,Deshaipally,Warangal,18.41082,79.385328
597020,NARAYANAPUR |Suglampally,Warangal,18.559104,79.327387
596426,Babapur,Warangal,19.062024,78.461256
597021,Penchikalpeta,Warangal,18.1606,79.4149
596777,Tekurthi,Warangal,18.322139,79.533943
597199,Nagireddypur,Warangal,18.599522,79.027916
597457,Aggimalla,Warangal,18.7665,79.05634
596933,Vattimalla,Warangal,18.53826,78.66721
597197,Thadagonda | Dundrapalle,Warangal,18.53053,78.948051
597410,Rathnagiripally,Warangal,18.390922,78.567015
597349,Paidypelly x road|Nagaram,Warangal,18.228568,79.693824
596873,Burdagudem| Mandamarri,WARANGAL,18.99293,79.47002
596645,Stambampalli,WARANGAL,18.4969,78.9062
597727,Tutukalingannapeta,WARANGAL,17.338259,80.430927
596357,SUDDALA,WARANGAL,18.512739,79.35092
597537,haridaspalli,WARANGAL,18.366881,78.703417
597435,Jagityal Raikal rd,WARANGAL,18.804033,78.876473
597507,Kishtapur|Adb,Warangal,19.136582,78.982243
596958,Ayyanapalem,Warangal,17.380031,80.661303
595928,Hanuman Temple | Karimnagar,Warangal,18.47817,79.14644
597565,Narsampet|Warangal,Warangal,17.920933,79.889049
597163,Kasipet,Warangal,19.142534,79.470538
597942,Mecharajupalle,Warangal,17.679277,79.738658
597935,Nellipaka,Warangal,17.77024,80.836513
597541,VIDYANAGAR RD,Warangal,18.198011,79.390364
598181,Reddypalli,Warangal,18.372522,79.410455
598287,Bhimapalli|Karimnagar,Warangal,18.211524,79.479413
598280,Mirjampet,Warangal,18.439029,79.554409
599066,Hanuman Temple Rd| Raparthi Nagar|ULS,Warangal,17.259175,80.145294
563926,Vishwanathpur,Warangal,17.73507,79.21443
564081,MURLIKRISHNA CLOTH SHOW ROOM,Warangal,19.67485,78.53409
564022,Sircilla-3,Warangal,18.38726,78.80396
563941,ALERU - Nellikuduru,Warangal,17.60597,79.86712
563943,Thorrur  (KHAMMAM ROAD),Warangal,17.580917,79.6628
505556,Medipally,Warangal,18.799277,78.818391
505622,Venkatapur,Warangal,17.886131,79.505086
505627,Peddamupparam,Warangal,17.479101,79.684987
505717,Kasipet,Warangal,19.030087,79.438337
505663,TALLAMPADU,Warangal,17.227868,80.05102
505664,THIRTHALA,Warangal,17.327068,80.135748
505665,TANIKELLA,Warangal,17.231888,80.254156
505864,Redlawada,Warangal,17.736154,79.772803
521814,Waddepally X Roads ,Warangal,18.008952,79.534572
521969,Postal Colony,Warangal,17.990065,79.549596
525791,Tallapalle,Warangal,18.85611,79.47611
526604,Nml-Adarsh Nagar,Warangal,19.0832,78.33938
527847,Kaviraj Nagar-Airtel,Warangal,17.25095,80.15785
528845,Kasibugga,Warangal,17.97664,79.60783
529772,Niit Campus,Warangal,17.98587,79.53619
530657,Pandilla,Warangal,18.46789,79.49144
578077,Pallipadu,Warangal,17.21091,80.32116
505553,Thimmapur,Warangal,18.925415,79.44653
595458,Bompally |Karimnagar,Warangal,18.652375,79.365187
599535,Karepalli|ULS,Warangal,17.507983,80.27108
599557,Nayudupet|ULS,Warangal,17.250972,80.11861
599402,Bhrammanakothapalle,Warangal,17.55321,79.74905
599536,NTR Nagar|ULS,Warangal,17.20095,80.828094
480293,Leela Sundaraiah Nagar|ULS,WARANGAL,17.18721,80.35835
599264,Rampur Taraf,Warangal,19.76074,78.52124
599403,Varikolu|Karimnagar,Warangal,18.26057,79.112161
480178,Seetharampuram |Khammam,Warangal,17.26553,80.0436
599537,Pilot Colony|ULS,WARANGAL,17.94811,80.812084
480296,Shanthi Nagar|Warangal|Relocation,Warangal,17.92322,79.89751
480149,Lenin Nagar| Bhuranpuram|ULS,Warangal,17.25651,80.14488
480408,Dachapuram,Warangal,17.0817,80.3663
481252,KTPS Palwancha|ULS,Warangal,17.5969,80.70203
599558,Sahakar Nagar|ULS,Warangal,17.2521,80.15207
481251,Potti Sriramulu Rd| Sathupally|ULS,Warangal,17.21311,80.83096
481363,Vittal Nagar| Godavarikhani|ULS,Warangal,18.73389,79.51627
481316,Laxmi Nagar| Ramagundam|ULS,Warangal,18.75256,79.50797
481398,Nr MRO office| Chennur|ULS,Warangal,18.85637,79.79185
481492,Narsimha Swamy Temple Road|ULS,Warangal,17.25137,80.14925
481257,Bhajan Mandir Rd|ULS,Warangal,17.5488,80.624
481626,Lb Nagar|Uls,WARANGAL,17.9845,79.60767
481545,Guddelugupalle|ULS,WARANGAL,18.27239,80.48689
481399,Sudimalla|ULS,Warangal,17.57461,78.33311
480958,Mandi Bazar|Relocation,Warangal,17.9847,79.5998
480435,Suddala Auto stand,Warangal,18.82514,79.7357
598764,Mamidipalle,Warangal,18.50123,78.75915
481400,Muthyampeta|ULS,Warangal,18.69777,78.94276
481490,Aswaraopeta|ULS,Warangal,17.24414,81.13298
481030,Singareni|Bhagyanagar,Warangal,17.54305,80.30704
599509,Near Veerabhramhendra Swamy Temple|Kazipur,Warangal,18.41586,79.01188
564036,HUZURABAD,Warangal,18.20025,79.3968
563917,BEET BAZAR,Warangal,17.97478,79.59775
564039,KAZIPET,Warangal,17.99391,79.53838
564748,sarapaka Badrachalam-,Warangal,17.68874,80.86986
563991,PEDDAPALLI,Warangal,18.60991,79.37871
563909,Kasibugga Warangal,Warangal,17.9767,79.6092
564870,Annapurna Hotel - Warangal,Warangal,17.98584,79.52388
505716,Kataram,Warangal,18.623611,79.946854
505755,Jammikunta2,Warangal,18.28558,79.473682
505784,Paleru,Warangal,17.211611,79.926051
505837,Mustikuntla,Warangal,17.042454,80.229392
505838,Ravinoothala,Warangal,17.03692,80.282403
525136,Sriram Hills-Khammam,Warangal,17.21613,80.15221
456180,Karimnagar 1 (Mukurampura),Warangal,18.43886,79.12798
456193,Khammam(Nstroad),Warangal,17.25502,80.14841
563942,RPT_Mungimadugu,Warangal,17.50692,79.8464
563914,Sri Nagar Colony (Warangal),Warangal,17.998,79.53702
564773,DANAVAIGUDEM,Warangal,17.2951,80.14751
505643,VAVILALA,Warangal,18.393026,79.552655
530471,Seetapuram,Warangal,17.65406,80.91181
579560,Borlagudem,Warangal,18.469707,80.106341
563971,Chopadandi ,Warangal,18.58167,79.16897
563984,Yellareddypeta,Warangal,18.38047,78.6554
564079,SN Colony,Warangal,19.67143,78.51938
563953,GANPUR,Warangal,17.85373,79.37382
564049,Kagaznagar-2,Warangal,19.36008,79.47908
564004,Railway qtrs,Warangal,18.76898,79.43326
563968,Chengerla,Warangal,18.3622,79.23388
563951,IPPALALANARASINGAPURAM,Warangal,18.18008,79.39061
565065,Yellandu,Warangal,17.59167,80.31966
530683,Warangal Highway,Warangal,17.6255,79.60592
505782,Siripuram,Warangal,16.996651,80.358166
505666,MULKALAPALLE,Warangal,17.503248,80.832377
505667,JAGANNATHAPURAM,Warangal,17.437703,80.865214
503865,Kishtram- Proactive,Warangal,17.2139,80.7786
523306,Ballepally(Khammam 7.11) ,Warangal,17.276,80.18112
524335,Khanapur-Adb,Warangal,19.67075,78.54644
530393,Teegalguttapalli - Jio,Warangal,18.47421,79.14257
579572,Near Renikunta Toll Gate,Warangal,18.292301,79.129646
579494,Nr Kurikyala,Warangal,18.55193,78.98196
581712,GODHAVARI KHANI,Warangal,18.750298,79.511097
564044,JANGOAN,Warangal,17.7196,79.15748
564753,Khammam - 2,Warangal,17.26123,80.14223
564038,KAZIPET   2,Warangal,17.97422,79.50592
564052,MANCHIRYAL,Warangal,18.87377,79.44672
563990,RAMAGUNDAM    ,Warangal,18.74958,79.51033
563989,JAGITYAL,Warangal,18.794,78.91563
563988,VEMULAWADA,Warangal,18.4655,78.87108
564755,Ellandu ,Warangal,17.58533,80.325
563981,Sultanabad,Warangal,18.5262,79.32052
564040,Warangal- K L N Reddy nagar,Warangal,17.99657,79.54732
564749,Tallada,Warangal,17.21726,80.42203
564062,Nirmal-2,Warangal,19.08557,78.3485
564873,Mahabubabad,Warangal,17.60297,80.00476
526049,Housing Board Colony - Kothagudem,Warangal,17.52194,80.59147
505831,Elkaturthy,Warangal,18.10115,79.447516
481635,Srinagar| Laxmidevipally|ULS,Warangal,17.55978,80.6131
494094,MADANTHURTHY,Warangal,17.56394,79.81448
480864,Bhuranpuram|ULS,Warangal,17.26448,80.13806
481664,Mukkidipeta1|Uls,Kurnool,13.83423,77.49691
481919,Ashok Nagar Colony|ULS,Warangal,17.67489,80.89415
596776,Bellampalle,Warangal,19.088164,79.472264
597089,Korem,Warangal,,
123456,Salem,Robolog,12.09567,78.14998
